Client Name,Equipment Type,ISI Number,Serial Number,DOM,SWL,Client Ref,Location,Report ID,A Defect,B Defect,C Defect,D Defect,Report Date,Next Inspection Date
GEA Mechanical Equipment UK Limited,Lifting Accessories/Chains - 2 Legs,GEA01165,N/A,N/A,2150 KG,S/No: ST13947/4,1000,14506,None,None,None,None,02/12/2023,02/06/2024
GEA Mechanical Equipment UK Limited,Lifting Accessories/Eyenut,GEA01489,N/A,N/A,140 KG,S/No: C15 (M8) 1817,1800,14507,None,None,None,None,02/12/2023,02/06/2024
GEA Mechanical Equipment UK Limited,Lifting Accessories/Endless Round Sling,GEA01382,N/A,N/A,1000 KG,S/No: 087716,1600,14508,None,None,None,None,02/12/2023,02/06/2024
GEA Mechanical Equipment UK Limited,Lifting Accessories/Chains - 2 Legs,GEA01207,N/A,N/A,2150 KG,S/No: ST13391/2,1100,14509,None,None,None,None,02/12/2023,02/06/2024
GEA Mechanical Equipment UK Limited,Lifting Accessories/Bow Shackle,GEA01197,N/A,N/A,2000 KG,S/No: AD6GP 1127,1100,14510,None,None,None,None,02/12/2023,02/06/2024
GEA Mechanical Equipment UK Limited,Lifting Accessories/Eyenut,GEA01280,N/A,N/A,140 KG,S/No: C15 (M8) 1322,1300,14511,None,None,None,None,02/12/2023,02/06/2024
GEA Mechanical Equipment UK Limited,Lifting Accessories/Bow Shackle,GEA01409,N/A,N/A,2000 KG,S/No: 1640,1600,14512,None,None,None,None,02/12/2023,02/06/2024
GEA Mechanical Equipment UK Limited,Lifting Accessories/Web Slings (1 m),GEA01469,N/A,N/A,1000 KG,S/No: 003305087,1800,14513,None,None,None,None,02/12/2023,02/06/2024
GEA Mechanical Equipment UK Limited,Lifting Accessories/Chains - 2 Legs,GEA01417,N/A,N/A,2150 KG,S/No: ST13388/5,1600,14514,None,None,None,None,02/12/2023,02/06/2024
GEA Mechanical Equipment UK Limited,Lifting Accessories/Eyebolt,GEA01389,N/A,N/A,1800 KG,C15 (M24) 1621,1600,14515,None,None,None,None,02/12/2023,02/06/2024
GEA Mechanical Equipment UK Limited,Lifting Accessories/Web Slings (1 m),GEA01385,N/A,N/A,1000 KG,S/No: 003180752,1600,14516,None,None,None,None,02/12/2023,02/06/2024
GEA Mechanical Equipment UK Limited,Lifting Accessories/Web Slings (1 m),GEA01259,N/A,N/A,1000 KG,S/No: 003305111,1300,14517,None,None,None,None,02/12/2023,02/06/2024
GEA Mechanical Equipment UK Limited,Lifting Accessories/Endless Round Sling,GEA01043,N/A,N/A,2000 KG,S/No: 003322187,800,14518,None,None,None,None,02/12/2023,02/06/2024
GEA Mechanical Equipment UK Limited,Lifting Accessories/Eyebolt,GEA01270,N/A,N/A,230 KG,C15 (M10) 1312,1300,14519,None,None,None,None,02/12/2023,02/06/2024
GEA Mechanical Equipment UK Limited,Lifting Accessories/D Shackle,GEA01118,N/A,N/A,7000 KG,S/No: VBF20 0919,900,14520,None,None,None,None,02/12/2023,02/06/2024
GEA Mechanical Equipment UK Limited,Lifting Accessories/D Shackle,GEA01293,N/A,N/A,2000 KG,S/No VBC20-1330,1300,14521,None,None,None,None,02/12/2023,02/06/2024
GEA Mechanical Equipment UK Limited,Lifting Accessories/Web Slings (1 m),GEA01133,N/A,N/A,1000 KG,S/No: 003305098,1000,14522,None,None,None,None,02/12/2023,02/06/2024
GEA Mechanical Equipment UK Limited,Lifting Accessories/Chains - 2 Legs,GEA01081,N/A,N/A,2150 KG,S/No: ST13947/1,800,14523,None,None,None,None,02/12/2023,02/06/2024
GEA Mechanical Equipment UK Limited,Lifting Accessories/Eyebolt,GEA01436,N/A,N/A,340 KG,S/No: C15 (M12) 1711,1700,14524,None,None,None,None,02/12/2023,02/06/2024
GEA Mechanical Equipment UK Limited,Lifting Accessories/Bow Shackle,GEA01240,N/A,N/A,2000 KG,S/No: AD6GP 1218,1200,14525,None,None,None,None,02/12/2023,02/06/2024
GEA Mechanical Equipment UK Limited,Lifting Accessories/Bow Shackle,GEA01156,N/A,N/A,2000 KG,S/No: 1002,1000,14526,None,None,None,None,02/12/2023,02/06/2024
GEA Mechanical Equipment UK Limited,Lifting Accessories/Bow Shackle,GEA01408,N/A,N/A,2000 KG,S/No: AD6GP 1617,1600,14527,None,None,None,None,02/12/2023,02/06/2024
GEA Mechanical Equipment UK Limited,Lifting Accessories/Eyebolt,GEA01438,N/A,N/A,230 KG,S/No: C15 (M10) 1707,1700,14528,None,None,None,None,02/12/2023,02/06/2024
GEA Mechanical Equipment UK Limited,Lifting Accessories/Web Slings (1 m),GEA01258,N/A,N/A,1000 KG,S/No: 003305107,1300,14529,None,None,None,None,02/12/2023,02/06/2024
GEA Mechanical Equipment UK Limited,Lifting Accessories/D Shackle,GEA01287,N/A,N/A,7000 KG,S/No VBC20-1325,1300,14530,None,None,None,None,02/12/2023,02/06/2024
GEA Mechanical Equipment UK Limited,Lifting Accessories/Eyenut,GEA01022,N/A,N/A,700 KG,S/No: C15 (M16) 0724,700,14531,None,None,None,None,02/12/2023,02/06/2024
GEA Mechanical Equipment UK Limited,Lifting Accessories/D Shackle,GEA01288,N/A,N/A,2000 KG,S/No VBC20-1326,1300,14532,None,None,None,None,02/12/2023,02/06/2024
GEA Mechanical Equipment UK Limited,Lifting Accessories/Web Slings (1 m),GEA01342,N/A,N/A,1000 KG,S/No: 002679653,1500,14533,None,None,None,None,02/12/2023,02/06/2024
GEA Mechanical Equipment UK Limited,Lifting Accessories/D Shackle,GEA01377,N/A,N/A,30cwt / 1500,S/No: 1538,1500,14534,None,None,None,None,02/12/2023,02/06/2024
GEA Mechanical Equipment UK Limited,Lifting Accessories/Endless Round Sling,GEA01387,N/A,N/A,1000 KG,S/No:,1600,14535,None,None,None,None,02/12/2023,02/06/2024
GEA Mechanical Equipment UK Limited,Lifting Accessories/Eyenut,GEA01193,N/A,N/A,230 KG,S/No: C15 (M10) 1105,1100,14536,None,None,None,None,02/12/2023,02/06/2024
GEA Mechanical Equipment UK Limited,Lifting Accessories/D Shackle,GEA01496,N/A,N/A,7000 KG,S/No: 1820,1800,14537,None,None,None,None,02/12/2023,02/06/2024
GEA Mechanical Equipment UK Limited,Lifting Accessories/Chains - 2 Legs,GEA01039,N/A,N/A,2150 KG,S/No: ST13947/3,700,14538,None,None,None,None,02/12/2023,02/06/2024
GEA Mechanical Equipment UK Limited,Lifting Accessories/Endless Round Sling,GEA01294,N/A,N/A,2000 KG,S/No: 002679703,1400,14539,None,None,None,None,02/12/2023,02/06/2024
GEA Mechanical Equipment UK Limited,Lifting Accessories/Endless Round Sling,GEA01214,N/A,N/A,1000 KG,S/No: 087724,1200,14540,None,None,None,None,02/12/2023,02/06/2024
GEA Mechanical Equipment UK Limited,Lifting Accessories/Eyenut,GEA01322,N/A,N/A,140 KG,S/No: C15 (M8)1402,1400,14541,None,None,None,None,02/12/2023,02/06/2024
GEA Mechanical Equipment UK Limited,Lifting Accessories/Eyenut,GEA01486,N/A,N/A,340 KG,S/No: C15 (M12) 1814,1800,14542,None,None,None,None,02/12/2023,02/06/2024
GEA Mechanical Equipment UK Limited,Lifting Accessories/Eyebolt,GEA01353,N/A,N/A,230 KG,S/No: C15 (M10) 1532,1500,14543,None,None,None,None,02/12/2023,02/06/2024
GEA Mechanical Equipment UK Limited,Lifting Accessories/Eyenut,GEA01110,N/A,N/A,230 KG,S/No: C15 (M10) 0904,900,14544,None,None,None,None,02/12/2023,02/06/2024
GEA Mechanical Equipment UK Limited,Lifting Accessories/Bow Shackle,GEA01536,N/A,N/A,2000 KG,S/No: 1925,1900,14545,None,None,None,None,02/12/2023,02/06/2024
GEA Mechanical Equipment UK Limited,Lifting Accessories/Web Slings (1 m),GEA01048,N/A,N/A,1000 KG,S/No: 003305088,800,14546,None,None,None,None,02/12/2023,02/06/2024
GEA Mechanical Equipment UK Limited,Lifting Accessories/Endless Round Sling,GEA01210,N/A,N/A,2000 KG,S/No: 002267577,1200,14547,None,None,None,None,02/12/2023,02/06/2024
GEA Mechanical Equipment UK Limited,Lifting Accessories/Eyebolt,GEA01481,N/A,N/A,150 KG,S/No: C15 (M8) 1809,1800,14548,None,None,None,None,02/12/2023,02/06/2024
GEA Mechanical Equipment UK Limited,Lifting Accessories/Chains - 2 Legs,GEA01249,N/A,N/A,2150 KG,S/No: ST13388/3,1200,14549,None,None,None,None,02/12/2023,02/06/2024
GEA Mechanical Equipment UK Limited,Lifting Accessories/Eyenut,GEA01111,N/A,N/A,140 KG,S/No: C15 (M8) 0900,900,14550,None,None,None,None,02/12/2023,02/06/2024
GEA Mechanical Equipment UK Limited,Lifting Accessories/Bow Shackle,GEA01031,N/A,N/A,2000 KG,S/No: 0711,700,14551,None,None,None,None,02/12/2023,02/06/2024
GEA Mechanical Equipment UK Limited,Lifting Accessories/Web Slings (1 m),GEA01260,N/A,N/A,3000 KG,S/No: 003254710,1300,14552,None,None,None,None,02/12/2023,02/06/2024
GEA Mechanical Equipment UK Limited,Lifting Accessories/Eyebolt,GEA01479,N/A,N/A,230 KG,S/No: C15 (M10) 1807,1800,14553,None,None,None,None,02/12/2023,02/06/2024
GEA Mechanical Equipment UK Limited,Lifting Accessories/Web Slings (1 m),GEA01174,N/A,N/A,1000 KG,S/No: 003305103,1100,14554,None,None,None,None,02/12/2023,02/06/2024
GEA Mechanical Equipment UK Limited,Lifting Accessories/D Shackle,GEA01456,N/A,N/A,7000 KG,S/No: 1717,1700,14555,None,None,None,None,02/12/2023,02/06/2024
GEA Mechanical Equipment UK Limited,Lifting Accessories/D Shackle,GEA01248,N/A,N/A,7000 KG,S/No: 1225,1200,14556,None,None,None,None,02/12/2023,02/06/2024
GEA Mechanical Equipment UK Limited,Lifting Accessories/D Shackle,GEA01160,N/A,N/A,7000 KG,S/No: VBC20 1024,1000,14557,None,None,None,None,02/12/2023,02/06/2024
GEA Mechanical Equipment UK Limited,Lifting Accessories/Eyebolt,GEA01144,N/A,N/A,230 KG,S/No: C15 (M10) 1012,1000,14558,None,None,None,None,02/12/2023,02/06/2024
GEA Mechanical Equipment UK Limited,Lifting Accessories/Eyenut,GEA01276,N/A,N/A,340 KG,S/No: C15 (M12) 1318,1300,14559,None,None,None,None,02/12/2023,02/06/2024
GEA Mechanical Equipment UK Limited,Lifting Accessories/Eyenut,GEA01362,N/A,N/A,230 KG,S/No: C15 (M10) 1504,1500,14560,None,None,None,None,02/12/2023,02/06/2024
GEA Mechanical Equipment UK Limited,Lifting Accessories/Eyenut,GEA01529,N/A,N/A,230 KG,S/No: C15 (M10) 1906,1900,14561,None,None,None,None,02/12/2023,02/06/2024
GEA Mechanical Equipment UK Limited,Lifting Accessories/Endless Round Sling,GEA01213,N/A,N/A,2000 KG,S/No: 003254975,1200,14562,None,None,None,None,02/12/2023,02/06/2024
GEA Mechanical Equipment UK Limited,Lifting Accessories/Eyenut,GEA01237,N/A,N/A,140 KG,S/No: C15 (M8) 1201,1200,14563,None,None,None,None,02/12/2023,02/06/2024
GEA Mechanical Equipment UK Limited,Lifting Accessories/Chains - 2 Legs,GEA01501,N/A,N/A,2150 KG,S/No: ST13947/5,1800,14564,None,None,None,None,02/12/2023,02/06/2024
GEA Mechanical Equipment UK Limited,Lifting Accessories/Eyebolt,GEA01478,N/A,N/A,340 KG,S/No: C15 (M12) 1806,1800,14565,None,None,None,None,02/12/2023,02/06/2024
GEA Mechanical Equipment UK Limited,Lifting Accessories/Web Slings (1 m),GEA01427,N/A,N/A,1000 KG,S/No:,1700,14566,None,None,None,None,02/12/2023,02/06/2024
GEA Mechanical Equipment UK Limited,Lifting Accessories/Bow Shackle,GEA01199,N/A,N/A,2000 KG,S/No: 1140,1100,14567,None,None,None,None,02/12/2023,02/06/2024
GEA Mechanical Equipment UK Limited,Lifting Accessories/D Shackle,GEA01247,N/A,N/A,7000 KG,S/No: 1224,1200,14568,None,None,None,None,02/12/2023,02/06/2024
GEA Mechanical Equipment UK Limited,Lifting Accessories/Web Slings (1 m),GEA01426,N/A,N/A,3000 KG,S/No: 003305126,1700,14569,None,None,None,None,02/12/2023,02/06/2024
GEA Mechanical Equipment UK Limited,Lifting Accessories/Endless Round Sling,GEA01046,N/A,N/A,1000 KG,S/No: 003266692,800,14570,None,None,None,None,02/12/2023,02/06/2024
GEA Mechanical Equipment UK Limited,Lifting Accessories/Eyebolt,GEA01392,N/A,N/A,700 KG,S/No: C15 (M16) 1613,1600,14571,None,None,None,None,02/12/2023,02/06/2024
GEA Mechanical Equipment UK Limited,Lifting Accessories/Bow Shackle,GEA01323,N/A,N/A,2000 KG,S/No: AW6GP 1418,1400,14572,None,None,None,None,02/12/2023,02/06/2024
GEA Mechanical Equipment UK Limited,Lifting Accessories/Bow Shackle,GEA01492,N/A,N/A,2000 KG,S/No: 1828,1800,14573,None,None,None,None,02/12/2023,02/06/2024
GEA Mechanical Equipment UK Limited,Lifting Accessories/Bow Shackle,GEA01242,N/A,N/A,2000 KG,S/No: 1239,1200,14574,None,None,None,None,02/12/2023,02/06/2024
GEA Mechanical Equipment UK Limited,Lifting Accessories/Endless Round Sling,GEA01089,N/A,N/A,1000 KG,S/No: 003251900,900,14575,None,None,None,None,02/12/2023,02/06/2024
GEA Mechanical Equipment UK Limited,Lifting Accessories/Web Slings (1 m),GEA01216,N/A,N/A,3000 KG,S/No: 002804458,1200,14576,None,None,None,None,02/12/2023,02/06/2024
GEA Mechanical Equipment UK Limited,Lifting Accessories/Endless Round Sling,GEA01504,N/A,N/A,2000 KG,S/No: 002267529 (002267579),1900,14577,None,None,None,None,02/12/2023,02/06/2024
GEA Mechanical Equipment UK Limited,Lifting Accessories/Eyenut,GEA01404,N/A,N/A,230 KG,S/No: C15 (M10) 1604,1600,14578,None,None,None,None,02/12/2023,02/06/2024
GEA Mechanical Equipment UK Limited,Lifting Accessories/Web Slings (1 m),GEA01343,N/A,N/A,1000 KG,S/No: 003180756,1500,14579,None,None,None,None,02/12/2023,02/06/2024
GEA Mechanical Equipment UK Limited,Lifting Accessories/Bow Shackle,GEA01407,N/A,N/A,2000 KG,S/No: AD6GP 1616,1600,14580,None,None,None,None,02/12/2023,02/06/2024
GEA Mechanical Equipment UK Limited,Lifting Accessories/Endless Round Sling,GEA01421,N/A,N/A,2000 KG,S/No: 002460849,1700,14581,None,None,None,None,02/12/2023,02/06/2024
GEA Mechanical Equipment UK Limited,Lifting Accessories/Eyebolt,GEA01186,N/A,N/A,230 KG,S/No: C15 (M10) 1130,1100,14582,None,None,None,None,02/12/2023,02/06/2024
GEA Mechanical Equipment UK Limited,Lifting Accessories/Chains - 2 Legs,GEA01375,N/A,N/A,2150 KG,S/No: ST13388/7,1500,14583,None,None,None,None,02/12/2023,02/06/2024
GEA Mechanical Equipment UK Limited,Lifting Accessories/Endless Round Sling,GEA01044,N/A,N/A,2000 KG,S/No: 003322184,800,14584,None,None,None,None,02/12/2023,02/06/2024
GEA Mechanical Equipment UK Limited,Lifting Accessories/Eyebolt,GEA01225,N/A,N/A,340 KG,S/No: C15 (M12) 1212,1200,14585,None,None,None,None,02/12/2023,02/06/2024
GEA Mechanical Equipment UK Limited,Lifting Accessories/Chains - 2 Legs,GEA01459,N/A,N/A,2150 KG,S/No: ST13588/2,1700,14586,None,None,None,None,02/12/2023,02/06/2024
GEA Mechanical Equipment UK Limited,Lifting Accessories/Eyenut,GEA01148,N/A,N/A,700 KG,S/No: C15 (M16) 1016,1000,14587,None,None,None,None,02/12/2023,02/06/2024
GEA Mechanical Equipment UK Limited,Lifting Accessories/Chains - 2 Legs,GEA01291,N/A,N/A,2150 KG,S/No: ST13947/2,1300,14588,None,None,None,None,02/12/2023,02/06/2024
GEA Mechanical Equipment UK Limited,Lifting Accessories/Web Slings (1 m),GEA01132,N/A,N/A,1000 KG,S/No: 003305100,1000,14589,None,None,None,None,02/12/2023,02/06/2024
GEA Mechanical Equipment UK Limited,Lifting Accessories/Eyebolt,GEA01139,N/A,N/A,700 KG,S/No: C15 (M16) 1007,1000,14590,None,None,None,None,02/12/2023,02/06/2024
GEA Mechanical Equipment UK Limited,Lifting Accessories/Endless Round Sling,GEA01173,N/A,N/A,1000 KG,S/No: 002267569,1100,14591,None,None,None,None,02/12/2023,02/06/2024
GEA Mechanical Equipment UK Limited,Lifting Accessories/Web Slings (1 m),GEA01428,N/A,N/A,1000 KG,S/No: 2744808,1700,14592,None,None,None,None,02/12/2023,02/06/2024
GEA Mechanical Equipment UK Limited,Lifting Accessories/Eyenut,GEA01406,N/A,N/A,140 KG,S/No: C15 (M8) 1600,1600,14593,None,None,None,None,02/12/2023,02/06/2024
GEA Mechanical Equipment UK Limited,Lifting Accessories/D Shackle,GEA01079,N/A,N/A,2000 KG,S/No: 0805,800,14594,None,None,None,None,02/12/2023,02/06/2024
GEA Mechanical Equipment UK Limited,Lifting Accessories/Bow Shackle,GEA01324,N/A,N/A,2000 KG,S/No: AF6GP1417,1400,14595,None,None,None,None,02/12/2023,02/06/2024
GEA Mechanical Equipment UK Limited,Lifting Accessories/D Shackle,GEA01413,N/A,N/A,7000 KG,S/No: 1639,1600,14596,None,None,None,None,02/12/2023,02/06/2024
GEA Mechanical Equipment UK Limited,Lifting Accessories/D Shackle,GEA01244,N/A,N/A,2000 KG,S/No: 1231,1200,14597,None,None,None,None,02/12/2023,02/06/2024
GEA Mechanical Equipment UK Limited,Lifting Accessories/Chains - 2 Legs,GEA01333,N/A,N/A,2150 KG,S/No: ST1388/4,1400,14598,None,None,None,None,02/12/2023,02/06/2024
GEA Mechanical Equipment UK Limited,Lifting Accessories/Web Slings (1 m),GEA01092,N/A,N/A,3000 KG,S/No: 003209603,900,14599,None,None,None,None,02/12/2023,02/06/2024
GEA Mechanical Equipment UK Limited,Lifting Accessories/Eyebolt,GEA01182,N/A,N/A,700 KG,S/No: C15 (M16) 1116,1100,14600,None,None,None,None,02/12/2023,02/06/2024
GEA Mechanical Equipment UK Limited,Lifting Accessories/Eyebolt,GEA01137,N/A,N/A,1800 KG,C15 (M24) 1005,1000,14601,None,None,None,None,02/12/2023,02/06/2024
GEA Mechanical Equipment UK Limited,Lifting Accessories/Endless Round Sling,GEA01001,N/A,N/A,2000 KG,S/No: 003322200,700,14602,None,None,None,None,02/12/2023,02/06/2024
GEA Mechanical Equipment UK Limited,Lifting Accessories/Chains - 2 Legs,GEA01123,N/A,N/A,2150 KG,S/No: ST13391/6,900,14603,None,None,None,None,02/12/2023,02/06/2024
GEA Mechanical Equipment UK Limited,Lifting Accessories/D Shackle,GEA01414,N/A,N/A,2000 KG,S/No:1618,1600,14604,None,None,None,None,02/12/2023,02/06/2024
GEA Mechanical Equipment UK Limited,Lifting Accessories/Endless Round Sling,GEA01464,N/A,N/A,2000 KG,S/No: 003322189,1800,14605,None,None,None,None,02/12/2023,02/06/2024
GEA Mechanical Equipment UK Limited,Lifting Accessories/Endless Round Sling,GEA01220,N/A,N/A,1000 KG,S/No: 17-3124659,1200,14606,None,None,None,None,02/12/2023,02/06/2024
GEA Mechanical Equipment UK Limited,Lifting Accessories/Web Slings (1 m),GEA01008,N/A,N/A,3000 KG,S/No: 003299791,700,14607,None,None,None,None,02/12/2023,02/06/2024
GEA Mechanical Equipment UK Limited,Lifting Accessories/Bow Shackle,GEA01073,N/A,N/A,2000 KG,S/No: 0811,800,14608,None,None,None,None,02/12/2023,02/06/2024
GEA Mechanical Equipment UK Limited,Lifting Accessories/Bow Shackle,GEA01283,N/A,N/A,2000 KG,S/No: AW6GP 1303,1300,14609,None,None,None,None,02/12/2023,02/06/2024
GEA Mechanical Equipment UK Limited,Lifting Accessories/Bow Shackle,GEA01239,N/A,N/A,2000 KG,S/No: AD6GP 1217,1200,14610,None,None,None,None,02/12/2023,02/06/2024
GEA Mechanical Equipment UK Limited,Lifting Accessories/Eyenut,GEA01441,N/A,N/A,700 KG,S/No: C15 (M16) 1712,1700,14611,None,None,None,None,02/12/2023,02/06/2024
GEA Mechanical Equipment UK Limited,Lifting Accessories/Eyebolt,GEA01018,N/A,N/A,230 KG,S/No: C15 (M10) 0720,700,14612,None,None,None,None,02/12/2023,02/06/2024
GEA Mechanical Equipment UK Limited,Lifting Accessories/D Shackle,GEA01500,N/A,N/A,2000 KG,S/No: 1824,1800,14613,None,None,None,None,02/12/2023,02/06/2024
GEA Mechanical Equipment UK Limited,Lifting Accessories/Eyenut,GEA01025,N/A,N/A,230 KG,S/No: C15 (M10) 0727,700,14614,None,None,None,None,02/12/2023,02/06/2024
GEA Mechanical Equipment UK Limited,Lifting Accessories/Web Slings (1 m),GEA01007,N/A,N/A,1000 KG,S/No: 003305101,700,14615,None,None,None,None,02/12/2023,02/06/2024
GEA Mechanical Equipment UK Limited,Lifting Accessories/D Shackle,GEA01121,N/A,N/A,2000 KG,S/No: VBH14 0929,900,14616,None,None,None,None,02/12/2023,02/06/2024
GEA Mechanical Equipment UK Limited,Lifting Accessories/Bow Shackle,GEA01449,N/A,N/A,2000 KG,S/No: AT6GP 1716,1700,14617,None,None,None,None,02/12/2023,02/06/2024
GEA Mechanical Equipment UK Limited,Lifting Accessories/Eyenut,GEA01112,N/A,N/A,140 KG,S/No: C15 (M8) 0902,900,14618,None,None,None,None,02/12/2023,02/06/2024
GEA Mechanical Equipment UK Limited,Lifting Accessories/Eyebolt,GEA01439,N/A,N/A,140 KG,S/No: C15 (M8) 1701,1700,14619,None,None,None,None,02/12/2023,02/06/2024
GEA Mechanical Equipment UK Limited,Lifting Accessories/D Shackle,GEA01076,N/A,N/A,7000 KG,S/No: 0802,800,14620,None,None,None,None,02/12/2023,02/06/2024
GEA Mechanical Equipment UK Limited,Lifting Accessories/Bow Shackle,GEA01533,N/A,N/A,2000 KG,S/No: AD6GP 1916,1900,14621,None,None,None,None,02/12/2023,02/06/2024
GEA Mechanical Equipment UK Limited,Lifting Accessories/Endless Round Sling,GEA01131,N/A,N/A,1000 KG,S/No: 003302724,1000,14622,None,None,None,None,02/12/2023,02/06/2024
GEA Mechanical Equipment UK Limited,Lifting Accessories/Web Slings (1 m),GEA01090,N/A,N/A,1000 KG,S/No:3254622,900,14623,None,None,None,None,02/12/2023,02/06/2024
GEA Mechanical Equipment UK Limited,Lifting Accessories/Bow Shackle,GEA01326,N/A,N/A,2000 KG,S/No 1432,1400,14624,None,None,None,None,02/12/2023,02/06/2024
GEA Mechanical Equipment UK Limited,Lifting Accessories/D Shackle,GEA01374,N/A,N/A,2000 KG,S/No: 1536,1500,14625,None,None,None,None,02/12/2023,02/06/2024
GEA Mechanical Equipment UK Limited,Lifting Accessories/Endless Round Sling,GEA01345,N/A,N/A,1000 KG,S/No: 003255936,1500,14626,None,None,None,None,02/12/2023,02/06/2024
GEA Mechanical Equipment UK Limited,Lifting Accessories/Eyenut,GEA01448,N/A,N/A,140 KG,S/No: C15 (M8) 1702,1700,14627,None,None,None,None,02/12/2023,02/06/2024
GEA Mechanical Equipment UK Limited,Lifting Accessories/Chains - 2 Legs,GEA01543,N/A,N/A,30cwt / 1500,S/No: 1926,1900,14628,None,None,None,None,02/12/2023,02/06/2024
GEA Mechanical Equipment UK Limited,Lifting Accessories/Eyenut,GEA01361,N/A,N/A,230 KG,S/No: C15 (M10) 1506,1500,14629,None,None,None,None,02/12/2023,02/06/2024
GEA Mechanical Equipment UK Limited,Lifting Accessories/Bow Shackle,GEA01114,N/A,N/A,2000 KG,S/No: 0917,900,14630,None,None,None,None,02/12/2023,02/06/2024
GEA Mechanical Equipment UK Limited,Lifting Accessories/D Shackle,GEA01167,N/A,N/A,1500 KG,S/No: VBU14 1030,1000,14631,None,None,None,None,02/12/2023,02/06/2024
GEA Mechanical Equipment UK Limited,Lifting Accessories/Eyebolt,GEA01307,N/A,N/A,700 KG,S/No: C15 (M16) 1413,1400,14632,None,None,None,None,02/12/2023,02/06/2024
GEA Mechanical Equipment UK Limited,Lifting Accessories/Web Slings (1 m),GEA01384,N/A,N/A,3000 KG,S/No: 002804455,1600,14633,None,None,None,None,02/12/2023,02/06/2024
GEA Mechanical Equipment UK Limited,Lifting Accessories/D Shackle,GEA01369,N/A,N/A,7000 KG,S/No: 1518,1500,14634,None,None,None,None,02/12/2023,02/06/2024
GEA Mechanical Equipment UK Limited,Lifting Accessories/Eyenut,GEA01447,N/A,N/A,140 KG,S/No: C15 (M8) 1700,1700,14635,None,None,None,None,02/12/2023,02/06/2024
GEA Mechanical Equipment UK Limited,Lifting Accessories/Bow Shackle,GEA01200,N/A,N/A,2000 KG,S/No: 1141,1100,14636,None,None,None,None,02/12/2023,02/06/2024
GEA Mechanical Equipment UK Limited,Lifting Accessories/Web Slings (1 m),GEA01511,N/A,N/A,1000 KG,S/No: 003254631,1900,14637,None,None,None,None,02/12/2023,02/06/2024
GEA Mechanical Equipment UK Limited,Lifting Accessories/Eyebolt,GEA01229,N/A,N/A,140 KG,S/No: C15 (M8) 1202,1200,14638,None,None,None,None,02/12/2023,02/06/2024
GEA Mechanical Equipment UK Limited,Lifting Accessories/Eyebolt,GEA01230,N/A,N/A,140 KG,S/No: C15 (M8) 1204,1200,14639,None,None,None,None,02/12/2023,02/06/2024
GEA Mechanical Equipment UK Limited,Lifting Accessories/Endless Round Sling,GEA01338,N/A,N/A,2000 KG,S/No: 003246389,1500,14640,None,None,None,None,02/12/2023,02/06/2024
GEA Mechanical Equipment UK Limited,Lifting Accessories/D Shackle,GEA01161,N/A,N/A,7000 KG,S/No: VBC20 1025,1000,14641,None,None,None,None,02/12/2023,02/06/2024
GEA Mechanical Equipment UK Limited,Lifting Accessories/Bow Shackle,GEA01368,N/A,N/A,2000 KG,S/No: 1533,1500,14642,None,None,None,None,02/12/2023,02/06/2024
GEA Mechanical Equipment UK Limited,Lifting Accessories/Web Slings (1 m),GEA01470,N/A,N/A,3000 KG,S/No: 003299790,1800,14643,None,None,None,None,02/12/2023,02/06/2024
GEA Mechanical Equipment UK Limited,Lifting Accessories/Eyebolt,GEA01016,N/A,N/A,340 KG,S/No: C15 (M12) 0718,700,14644,None,None,None,None,02/12/2023,02/06/2024
GEA Mechanical Equipment UK Limited,Lifting Accessories/Endless Round Sling,GEA01298,N/A,N/A,1000 KG,S/No: 083618,1400,14645,None,None,None,None,02/12/2023,02/06/2024
GEA Mechanical Equipment UK Limited,Lifting Accessories/Eyenut,GEA01401,N/A,N/A,340 KG,S/No: C15 (M12) 1610,1600,14646,None,None,None,None,02/12/2023,02/06/2024
GEA Mechanical Equipment UK Limited,Lifting Accessories/Eyenut,GEA01274,N/A,N/A,700 KG,S/No: C15 (M16) 1316,1300,14647,None,None,None,None,02/12/2023,02/06/2024
GEA Mechanical Equipment UK Limited,Lifting Accessories/Bow Shackle,GEA01115,N/A,N/A,2000 KG,S/No: 09331,900,14648,None,None,None,None,02/12/2023,02/06/2024
GEA Mechanical Equipment UK Limited,Lifting Accessories/Eyebolt,GEA01014,N/A,N/A,700 KG,S/No: C15 (M16) 0716,700,14649,None,None,None,None,02/12/2023,02/06/2024
GEA Mechanical Equipment UK Limited,Lifting Accessories/D Shackle,GEA01332,N/A,N/A,2000 KG,S/No: 1440,1400,14650,None,None,None,None,02/12/2023,02/06/2024
GEA Mechanical Equipment UK Limited,Lifting Accessories/Web Slings (1 m),GEA01468,N/A,N/A,1000 KG,S/No: 003299623,1800,14651,None,None,None,None,02/12/2023,02/06/2024
GEA Mechanical Equipment UK Limited,Lifting Accessories/Endless Round Sling,GEA01253,N/A,N/A,2000 KG,S/No: 003322196,1300,14652,None,None,None,None,02/12/2023,02/06/2024
GEA Mechanical Equipment UK Limited,Lifting Accessories/D Shackle,GEA01537,N/A,N/A,7000 KG,S/No: 1918,1900,14653,None,None,None,None,02/12/2023,02/06/2024
GEA Mechanical Equipment UK Limited,Lifting Accessories/Bow Shackle,GEA01030,N/A,N/A,2000 KG,S/No: 0710,700,14654,None,None,None,None,02/12/2023,02/06/2024
GEA Mechanical Equipment UK Limited,Lifting Accessories/Web Slings (1 m),GEA01300,N/A,N/A,1000 KG,S/No: 3180760,1400,14655,None,None,None,None,02/12/2023,02/06/2024
GEA Mechanical Equipment UK Limited,Lifting Accessories/Eyebolt,GEA01265,N/A,N/A,700 KG,C15 (M16) 1307,1300,14656,None,None,None,None,02/12/2023,02/06/2024
GEA Mechanical Equipment UK Limited,Lifting Accessories/Endless Round Sling,GEA01219,N/A,N/A,1000 KG,S/No: 002722444,1200,14657,None,None,None,None,02/12/2023,02/06/2024
GEA Mechanical Equipment UK Limited,Lifting Accessories/D Shackle,GEA01159,N/A,N/A,7000 KG,S/No: VBC20 1023,1000,14658,None,None,None,None,02/12/2023,02/06/2024
GEA Mechanical Equipment UK Limited,Lifting Accessories/D Shackle,GEA01503,N/A,N/A,30cwt / 1500,S/No: 1826,1800,14659,None,None,None,None,02/12/2023,02/06/2024
GEA Mechanical Equipment UK Limited,Lifting Accessories/Eyenut,GEA01232,N/A,N/A,700 KG,S/No: C15 (M16) 1215,1200,14660,None,None,None,None,02/12/2023,02/06/2024
GEA Mechanical Equipment UK Limited,Lifting Accessories/Bow Shackle,GEA01116,N/A,N/A,2000 KG,S/No: 09332,900,14661,None,None,None,None,02/12/2023,02/06/2024
GEA Mechanical Equipment UK Limited,Lifting Accessories/Web Slings (1 m),GEA01134,N/A,N/A,3000 KG,S/No: 003299789,1000,14662,None,None,None,None,02/12/2023,02/06/2024
GEA Mechanical Equipment UK Limited,Lifting Accessories/Eyebolt,GEA01184,N/A,N/A,340 KG,S/No: C15 (M12) 1112,1100,14663,None,None,None,None,02/12/2023,02/06/2024
GEA Mechanical Equipment UK Limited,Lifting Accessories/Eyenut,GEA01235,N/A,N/A,230 KG,S/No: C15 (M10) 1205,1200,14664,None,None,None,None,02/12/2023,02/06/2024
GEA Mechanical Equipment UK Limited,Lifting Accessories/Bow Shackle,GEA01367,N/A,N/A,2000 KG,S/No: 1532,1500,14665,None,None,None,None,02/12/2023,02/06/2024
GEA Mechanical Equipment UK Limited,Lifting Accessories/D Shackle,GEA01082,N/A,N/A,2000 KG,S/No: 0807,800,14666,None,None,None,None,02/12/2023,02/06/2024
GEA Mechanical Equipment UK Limited,Lifting Accessories/Eyebolt,GEA01264,N/A,N/A,1800 KG,C15 (M24) 1306,1300,14667,None,None,None,None,02/12/2023,02/06/2024
GEA Mechanical Equipment UK Limited,Lifting Accessories/Web Slings (1 m),GEA01175,N/A,N/A,1000 KG,S/No: 003305106,1100,14668,None,None,None,None,02/12/2023,02/06/2024
GEA Mechanical Equipment UK Limited,Lifting Accessories/Endless Round Sling,GEA01169,N/A,N/A,2000 KG,S/No: 002267581,1100,14669,None,None,None,None,02/12/2023,02/06/2024
GEA Mechanical Equipment UK Limited,Lifting Accessories/Eyenut,GEA01194,N/A,N/A,230 KG,S/No: C15 (M10) 1107,1100,14670,None,None,None,None,02/12/2023,02/06/2024
GEA Mechanical Equipment UK Limited,Lifting Accessories/D Shackle,GEA01125,N/A,N/A,1500 KG,S/No: VBH14 0928,900,14671,None,None,None,None,02/12/2023,02/06/2024
GEA Mechanical Equipment UK Limited,Lifting Accessories/Bow Shackle,GEA01157,N/A,N/A,2000 KG,S/No: 1003,1000,14672,None,None,None,None,02/12/2023,02/06/2024
GEA Mechanical Equipment UK Limited,Lifting Accessories/Web Slings (1 m),GEA01050,N/A,N/A,3000 KG,S/No: 003299788,800,14673,None,None,None,None,02/12/2023,02/06/2024
GEA Mechanical Equipment UK Limited,Lifting Accessories/Eyebolt,GEA01522,N/A,N/A,230 KG,S/No: C15 (M10) 1907,1900,14674,None,None,None,None,02/12/2023,02/06/2024
GEA Mechanical Equipment UK Limited,Lifting Accessories/Endless Round Sling,GEA01471,N/A,N/A,1000 KG,S/No: 003255940,1800,14675,None,None,None,None,02/12/2023,02/06/2024
GEA Mechanical Equipment UK Limited,Lifting Accessories/D Shackle,GEA01372,N/A,N/A,2000 KG,S/No: 1534,1500,14676,None,None,None,None,02/12/2023,02/06/2024
GEA Mechanical Equipment UK Limited,Lifting Accessories/Eyenut,GEA01526,N/A,N/A,700 KG,S/No: C15 (M16) 1914,1900,14677,None,None,None,None,02/12/2023,02/06/2024
GEA Mechanical Equipment UK Limited,Lifting Accessories/Bow Shackle,GEA01241,N/A,N/A,2000 KG,S/No: 1238,1200,14678,None,None,None,None,02/12/2023,02/06/2024
GEA Mechanical Equipment UK Limited,Lifting Accessories/Web Slings (1 m),GEA01006,N/A,N/A,1000 KG,S/No: 003305121,700,14679,None,None,None,None,02/12/2023,02/06/2024
GEA Mechanical Equipment UK Limited,Lifting Accessories/Endless Round Sling,GEA01212,N/A,N/A,2000 KG,S/No: 003254973,1200,14680,None,None,None,None,02/12/2023,02/06/2024
GEA Mechanical Equipment UK Limited,Lifting Accessories/Eyebolt,GEA01185,N/A,N/A,230 KG,S/No: C15 (M10) 1108,1100,14681,None,None,None,None,02/12/2023,02/06/2024
GEA Mechanical Equipment UK Limited,Lifting Accessories/Eyenut,GEA01444,N/A,N/A,340 KG,S/No: C15 (M12) 1710,1700,14682,None,None,None,None,02/12/2023,02/06/2024
GEA Mechanical Equipment UK Limited,Lifting Accessories/Eyenut,GEA01189,N/A,N/A,700 KG,S/No: C15 (M16) 1113,1100,14683,None,None,None,None,02/12/2023,02/06/2024
GEA Mechanical Equipment UK Limited,Lifting Accessories/Bow Shackle,GEA01113,N/A,N/A,2000 KG,S/No: 0916,900,14684,None,None,None,None,02/12/2023,02/06/2024
GEA Mechanical Equipment UK Limited,Lifting Accessories/Eyebolt,GEA01224,N/A,N/A,700 KG,S/No: C15 (M16) 1220,1200,14685,None,None,None,None,02/12/2023,02/06/2024
GEA Mechanical Equipment UK Limited,Lifting Accessories/Web Slings (1 m),GEA01344,N/A,N/A,3000 KG,S/No: 003254621,1500,14686,None,None,None,None,02/12/2023,02/06/2024
GEA Mechanical Equipment UK Limited,Lifting Accessories/D Shackle,GEA01124,N/A,N/A,1500 KG,S/No: VBH14 0927,900,14687,None,None,None,None,02/12/2023,02/06/2024
GEA Mechanical Equipment UK Limited,Lifting Accessories/Endless Round Sling,GEA01211,N/A,N/A,2000 KG,S/No: 002460858,1200,14688,None,None,None,None,02/12/2023,02/06/2024
GEA Mechanical Equipment UK Limited,Lifting Accessories/D Shackle,GEA01411,N/A,N/A,7000 KG,S/No: 1637,1600,14689,None,None,None,None,02/12/2023,02/06/2024
GEA Mechanical Equipment UK Limited,Lifting Accessories/Bow Shackle,GEA01366,N/A,N/A,2000 KG,S/No: AD6GP 1531,1500,14690,None,None,None,None,02/12/2023,02/06/2024
GEA Mechanical Equipment UK Limited,Lifting Accessories/Web Slings (1 m),GEA01386,N/A,N/A,1000 KG,S/No: 003190133,1600,14691,None,None,None,None,02/12/2023,02/06/2024
GEA Mechanical Equipment UK Limited,Lifting Accessories/Endless Round Sling,GEA01422,N/A,N/A,2000 KG,S/No: 003010962,1700,14692,None,None,None,None,02/12/2023,02/06/2024
GEA Mechanical Equipment UK Limited,Lifting Accessories/Eyebolt,GEA01396,N/A,N/A,230 KG,S/No: C15 (M10) 1605,1600,14693,None,None,None,None,02/12/2023,02/06/2024
GEA Mechanical Equipment UK Limited,Lifting Accessories/Eyenut,GEA01151,N/A,N/A,230 KG,S/No: C15 (M10) 1019,1000,14694,None,None,None,None,02/12/2023,02/06/2024
GEA Mechanical Equipment UK Limited,Lifting Accessories/Endless Round Sling,GEA01388,N/A,N/A,1000 KG,S/No:,1600,14695,None,None,None,None,02/12/2023,02/06/2024
GEA Mechanical Equipment UK Limited,Lifting Accessories/Bow Shackle,GEA01365,N/A,N/A,2000 KG,S/No: AD6GP 1516,1500,14696,None,None,None,None,02/12/2023,02/06/2024
GEA Mechanical Equipment UK Limited,Lifting Accessories/D Shackle,GEA01334,N/A,N/A,30cwt / 1500,S/No: 1433,1400,14697,None,None,None,None,02/12/2023,02/06/2024
GEA Mechanical Equipment UK Limited,Lifting Accessories/Eyenut,GEA01153,N/A,N/A,140 KG,S/No: C15 (M8) 1021,1000,14698,None,None,None,None,02/12/2023,02/06/2024
GEA Mechanical Equipment UK Limited,Lifting Accessories/Web Slings (1 m),GEA01049,N/A,N/A,1000 KG,S/No: 003305096,800,14699,None,None,None,None,02/12/2023,02/06/2024
GEA Mechanical Equipment UK Limited,Lifting Accessories/Eyebolt,GEA01517,N/A,N/A,700 KG,S/No: C15 (M16) 1924,1900,14700,None,None,None,None,02/12/2023,02/06/2024
GEA Mechanical Equipment UK Limited,Lifting Accessories/Endless Round Sling,GEA01340,N/A,N/A,1000 KG,S/No: 083608,1500,14701,None,None,None,None,02/12/2023,02/06/2024
GEA Mechanical Equipment UK Limited,Lifting Accessories/Eyenut,GEA01065,N/A,N/A,340 KG,S/No: C15 (M12) 0825,800,14702,None,None,None,None,02/12/2023,02/06/2024
GEA Mechanical Equipment UK Limited,Lifting Accessories/Bow Shackle,GEA01494,N/A,N/A,2000 KG,S/No: 1830,1800,14703,None,None,None,None,02/12/2023,02/06/2024
GEA Mechanical Equipment UK Limited,Lifting Accessories/Endless Round Sling,GEA01172,N/A,N/A,1000 KG,S/No: 002769220,1100,14704,None,None,None,None,02/12/2023,02/06/2024
GEA Mechanical Equipment UK Limited,Lifting Accessories/Web Slings (1 m),GEA01091,N/A,N/A,1000 KG,S/No: 003254633,900,14705,None,None,None,None,02/12/2023,02/06/2024
GEA Mechanical Equipment UK Limited,Lifting Accessories/Eyebolt,GEA01057,N/A,N/A,340 KG,S/No: C15 (M12) 0817,800,14706,None,None,None,None,02/12/2023,02/06/2024
GEA Mechanical Equipment UK Limited,Lifting Accessories/D Shackle,GEA01120,N/A,N/A,2000 KG,S/No: VBS15 0924,900,14707,None,None,None,None,02/12/2023,02/06/2024
GEA Mechanical Equipment UK Limited,Lifting Accessories/Bow Shackle,GEA01072,N/A,N/A,2000 KG,S/No: 0810,800,14708,None,None,None,None,02/12/2023,02/06/2024
GEA Mechanical Equipment UK Limited,Lifting Accessories/Web Slings (1 m),GEA01218,N/A,N/A,1000 KG,S/No: 003256434,1200,14709,None,None,None,None,02/12/2023,02/06/2024
GEA Mechanical Equipment UK Limited,Lifting Accessories/Eyebolt,GEA01524,N/A,N/A,140 KG,S/No: C15 (M8) 1903,1900,14710,None,None,None,None,02/12/2023,02/06/2024
GEA Mechanical Equipment UK Limited,Lifting Accessories/D Shackle,GEA01250,N/A,N/A,30 cwt / 1524kgs,S/No: 1233,1200,14711,None,None,None,None,02/12/2023,02/06/2024
GEA Mechanical Equipment UK Limited,Lifting Accessories/Endless Round Sling,GEA01463,N/A,N/A,2000 KG,S/No: 003322193,1800,14712,None,None,None,None,02/12/2023,02/06/2024
GEA Mechanical Equipment UK Limited,Lifting Accessories/Eyenut,GEA01318,N/A,N/A,340 KG,S/No: C15 (M12) 1410,1400,14713,None,None,None,None,02/12/2023,02/06/2024
GEA Mechanical Equipment UK Limited,Lifting Accessories/Eyenut,GEA01530,N/A,N/A,230 KG,S/No: C15 (M10) 1904,1900,14714,None,None,None,None,02/12/2023,02/06/2024
GEA Mechanical Equipment UK Limited,Lifting Accessories/Eyebolt,GEA01183,N/A,N/A,340 KG,S/No: C15 (M12) 1124,1100,14715,None,None,None,None,02/12/2023,02/06/2024
GEA Mechanical Equipment UK Limited,Lifting Accessories/D Shackle,GEA01040,N/A,N/A,2000 KG,S/No: VBU15 1707,700,14716,None,None,None,None,02/12/2023,02/06/2024
GEA Mechanical Equipment UK Limited,Lifting Accessories/Bow Shackle,GEA01451,N/A,N/A,2000 KG,S/No: BMN1727,1700,14717,None,None,None,None,02/12/2023,02/06/2024
GEA Mechanical Equipment UK Limited,Lifting Accessories/Eyenut,GEA01024,N/A,N/A,340 KG,S/No: C15 (M12) 0726,700,14718,None,None,None,None,02/12/2023,02/06/2024
GEA Mechanical Equipment UK Limited,Lifting Accessories/D Shackle,GEA01502,N/A,N/A,30cwt / 1500,S/No: 1825,1800,14719,None,None,None,None,02/12/2023,02/06/2024
GEA Mechanical Equipment UK Limited,Lifting Accessories/Web Slings (1 m),GEA01176,N/A,N/A,3000 KG,S/No: 002679652,1100,14720,None,None,None,None,02/12/2023,02/06/2024
GEA Mechanical Equipment UK Limited,Lifting Accessories/Eyebolt,GEA01181,N/A,N/A,700 KG,S/No: C15 (M16) 1128,1100,14721,None,None,None,None,02/12/2023,02/06/2024
GEA Mechanical Equipment UK Limited,Lifting Accessories/Web Slings (1 m),GEA01510,N/A,N/A,1000 KG,S/No: 003254635,1900,14722,None,None,None,None,02/12/2023,02/06/2024
GEA Mechanical Equipment UK Limited,Lifting Accessories/Endless Round Sling,GEA01508,N/A,N/A,1000 KG,S/No: 002635041,1900,14723,None,None,None,None,02/12/2023,02/06/2024
GEA Mechanical Equipment UK Limited,Lifting Accessories/Bow Shackle,GEA01282,N/A,N/A,2000 KG,S/No: AW6GP 1302,1300,14724,None,None,None,None,02/12/2023,02/06/2024
GEA Mechanical Equipment UK Limited,Lifting Accessories/Endless Round Sling,GEA01051,N/A,N/A,1000 KG,S/No: 00302692,800,14725,None,None,None,None,02/12/2023,02/06/2024
GEA Mechanical Equipment UK Limited,Lifting Accessories/Eyenut,GEA01443,N/A,N/A,340 KG,S/No: C15 (M12) 1708,1700,14726,None,None,None,None,02/12/2023,02/06/2024
GEA Mechanical Equipment UK Limited,Lifting Accessories/Bow Shackle,GEA01198,N/A,N/A,2000 KG,S/No: AD6GP 1118,1100,14727,None,None,None,None,02/12/2023,02/06/2024
GEA Mechanical Equipment UK Limited,Lifting Accessories/Web Slings (1 m),GEA01302,N/A,N/A,3000 KG,S/No: 003209602,1400,14728,None,None,None,None,02/12/2023,02/06/2024
GEA Mechanical Equipment UK Limited,Lifting Accessories/D Shackle,GEA01453,N/A,N/A,2000 KG,S/No: 1730,1700,14729,None,None,None,None,02/12/2023,02/06/2024
GEA Mechanical Equipment UK Limited,Lifting Accessories/Endless Round Sling,GEA01047,N/A,N/A,1000 KG,S/No: 003297558,800,14730,None,None,None,None,02/12/2023,02/06/2024
GEA Mechanical Equipment UK Limited,Lifting Accessories/Eyebolt,GEA01053,N/A,N/A,1800 KG,C15 (M24) 0813,800,14731,None,None,None,None,02/12/2023,02/06/2024
GEA Mechanical Equipment UK Limited,Lifting Accessories/Eyebolt,GEA01437,N/A,N/A,230 KG,S/No: C15 (M10) 1705,1700,14732,None,None,None,None,02/12/2023,02/06/2024
GEA Mechanical Equipment UK Limited,Lifting Accessories/Bow Shackle,GEA01450,N/A,N/A,2000 KG,S/No: AW6GP 1726,1700,14733,None,None,None,None,02/12/2023,02/06/2024
GEA Mechanical Equipment UK Limited,Lifting Accessories/Endless Round Sling,GEA01170,N/A,N/A,2000 KG,S/No: 002460856,1100,14734,None,None,None,None,02/12/2023,02/06/2024
GEA Mechanical Equipment UK Limited,Lifting Accessories/Eyenut,GEA01108,N/A,N/A,340 KG,S/No: C15 (M12) 0908,900,14735,None,None,None,None,02/12/2023,02/06/2024
GEA Mechanical Equipment UK Limited,Lifting Accessories/Web Slings (1 m),GEA01301,N/A,N/A,1000 KG,S/No: 003240367,1400,14736,None,None,None,None,02/12/2023,02/06/2024
GEA Mechanical Equipment UK Limited,Lifting Accessories/D Shackle,GEA01078,N/A,N/A,2000 KG,S/No: 0804,800,14737,None,None,None,None,02/12/2023,02/06/2024
GEA Mechanical Equipment UK Limited,Lifting Accessories/Bow Shackle,GEA01071,N/A,N/A,2000 KG,S/No: 0809,800,14738,None,None,None,None,02/12/2023,02/06/2024
GEA Mechanical Equipment UK Limited,Lifting Accessories/Web Slings (1 m),GEA01512,N/A,N/A,3000 KG,S/No: 002804456,1900,14739,None,None,None,None,02/12/2023,02/06/2024
GEA Mechanical Equipment UK Limited,Lifting Accessories/Eyebolt,GEA01062,N/A,N/A,140 KG,S/No: C15 (M8) 0822,800,14740,None,None,None,None,02/12/2023,02/06/2024
GEA Mechanical Equipment UK Limited,Lifting Accessories/Endless Round Sling,GEA01472,N/A,N/A,1000 KG,S/No: 003255949,1800,14741,None,None,None,None,02/12/2023,02/06/2024
GEA Mechanical Equipment UK Limited,Lifting Accessories/Eyenut,GEA01109,N/A,N/A,230 KG,S/No: C15 (M10) 0906,900,14742,None,None,None,None,02/12/2023,02/06/2024
GEA Mechanical Equipment UK Limited,Lifting Accessories/D Shackle,GEA01330,N/A,N/A,2000 KG,S/No: 1438,1400,14743,None,None,None,None,02/12/2023,02/06/2024
GEA Mechanical Equipment UK Limited,Lifting Accessories/Eyebolt,GEA01516,N/A,N/A,2500 KG,C15 (M24) 1923,1900,14744,None,None,None,None,02/12/2023,02/06/2024
GEA Mechanical Equipment UK Limited,Lifting Accessories/Eyenut,GEA01487,N/A,N/A,230 KG,S/No: C15 (M10) 1815,1800,14745,None,None,None,None,02/12/2023,02/06/2024
GEA Mechanical Equipment UK Limited,Lifting Accessories/Endless Round Sling,GEA01383,N/A,N/A,1000 KG,S/No: 087720,1600,14746,None,None,None,None,02/12/2023,02/06/2024
GEA Mechanical Equipment UK Limited,Lifting Accessories/Bow Shackle,GEA01535,N/A,N/A,2000 KG,S/No: 1924,1900,14747,None,None,None,None,02/12/2023,02/06/2024
GEA Mechanical Equipment UK Limited,Lifting Accessories/D Shackle,GEA01461,N/A,N/A,30 cwt / 1500,S/No: 1734,1700,14748,None,None,None,None,02/12/2023,02/06/2024
GEA Mechanical Equipment UK Limited,Lifting Accessories/Web Slings (1 m),GEA01217,N/A,N/A,1000 KG,S/No: 003254623,1200,14749,None,None,None,None,02/12/2023,02/06/2024
GEA Mechanical Equipment UK Limited,Lifting Accessories/Eyenut,GEA01405,N/A,N/A,140 KG,S/No: C15 (M8) 1602,1600,14750,None,None,None,None,02/12/2023,02/06/2024
GEA Mechanical Equipment UK Limited,Lifting Accessories/Eyebolt,GEA01310,N/A,N/A,340 KG,S/No: C15 (M12) 1411,1400,14751,None,None,None,None,02/12/2023,02/06/2024
GEA Mechanical Equipment UK Limited,Lifting Accessories/Bow Shackle,GEA01491,N/A,N/A,2000 KG,S/No: AF6GP 1827,1800,14752,None,None,None,None,02/12/2023,02/06/2024
GEA Mechanical Equipment UK Limited,Lifting Accessories/Endless Round Sling,GEA01005,N/A,N/A,1000 KG,S/No: 003297557,700,14753,None,None,None,None,02/12/2023,02/06/2024
GEA Mechanical Equipment UK Limited,Lifting Accessories/D Shackle,GEA01077,N/A,N/A,7000 KG,S/No: 0803,800,14754,None,None,None,None,02/12/2023,02/06/2024
GEA Mechanical Equipment UK Limited,Lifting Accessories/Eyenut,GEA01525,N/A,N/A,700 KG,S/No: C15 (M16) 1912,1900,14755,None,None,None,None,02/12/2023,02/06/2024
GEA Mechanical Equipment UK Limited,Lifting Accessories/D Shackle,GEA01457,N/A,N/A,7000 KG,S/No: 1718,1700,14756,None,None,None,None,02/12/2023,02/06/2024
GEA Mechanical Equipment UK Limited,Lifting Accessories/Eyebolt,GEA01350,N/A,N/A,700 KG,S/No: C15 (M16) 1513,1500,14757,None,None,None,None,02/12/2023,02/06/2024
GEA Mechanical Equipment UK Limited,Lifting Accessories/Bow Shackle,GEA01284,N/A,N/A,2000 KG,S/No: AW6GP 1304,1300,14758,None,None,None,None,02/12/2023,02/06/2024
GEA Mechanical Equipment UK Limited,Lifting Accessories/Endless Round Sling,GEA01255,N/A,N/A,2000 KG,S/No: 00332195,1300,14759,None,None,None,None,02/12/2023,02/06/2024
GEA Mechanical Equipment UK Limited,Lifting Accessories/D Shackle,GEA01331,N/A,N/A,2000 KG,S/No: 1439,1400,14760,None,None,None,None,02/12/2023,02/06/2024
GEA Mechanical Equipment UK Limited,Lifting Accessories/Endless Round Sling,GEA01129,N/A,N/A,2000 KG,S/No: 003322188,1000,14761,None,None,None,None,02/12/2023,02/06/2024
GEA Mechanical Equipment UK Limited,Lifting Accessories/Eyebolt,GEA01188,N/A,N/A,140 KG,S/No: C15 (M8) 1104,1100,14762,None,None,None,None,02/12/2023,02/06/2024
GEA Mechanical Equipment UK Limited,Lifting Accessories/Eyenut,GEA01483,N/A,N/A,700 KG,S/No: C15 (M16) 1811,1800,14763,None,None,None,None,02/12/2023,02/06/2024
GEA Mechanical Equipment UK Limited,Lifting Accessories/Endless Round Sling,GEA01002,N/A,N/A,2000 KG,S/No: 003322186,700,14764,None,None,None,None,02/12/2023,02/06/2024
GEA Mechanical Equipment UK Limited,Lifting Accessories/Eyenut,GEA01358,N/A,N/A,700 KG,S/No: C15 (M16) 1512,1500,14765,None,None,None,None,02/12/2023,02/06/2024
GEA Mechanical Equipment UK Limited,Lifting Accessories/Eyebolt,GEA01352,N/A,N/A,340 KG,S/No: C15 (M12) 1511,1500,14766,None,None,None,None,02/12/2023,02/06/2024
GEA Mechanical Equipment UK Limited,Lifting Accessories/Bow Shackle,GEA01452,N/A,N/A,2000 KG,S/No:ADS GP 1728,1700,14767,None,None,None,None,02/12/2023,02/06/2024
GEA Mechanical Equipment UK Limited,Lifting Accessories/Bow Shackle,GEA01410,N/A,N/A,2000 KG,S/No: 1641,1600,14768,None,None,None,None,02/12/2023,02/06/2024
GEA Mechanical Equipment UK Limited,Lifting Accessories/D Shackle,GEA01415,N/A,N/A,2000 KG,S/No:1619,1600,14769,None,None,None,None,02/12/2023,02/06/2024
GEA Mechanical Equipment UK Limited,Lifting Accessories/Eyenut,GEA01026,N/A,N/A,230 KG,S/No: C15 (M10) 0728,700,14770,None,None,None,None,02/12/2023,02/06/2024
GEA Mechanical Equipment UK Limited,Lifting Accessories/Endless Round Sling,GEA01136,N/A,N/A,1000 KG,S/No: 003297548,1000,14771,None,None,None,None,02/12/2023,02/06/2024
GEA Mechanical Equipment UK Limited,Lifting Accessories/Bow Shackle,GEA01493,N/A,N/A,2000 KG,S/No: 1829,1800,14772,None,None,None,None,02/12/2023,02/06/2024
GEA Mechanical Equipment UK Limited,Lifting Accessories/D Shackle,GEA01163,N/A,N/A,2000 KG,S/No: VBS15 1027,1000,14773,None,None,None,None,02/12/2023,02/06/2024
GEA Mechanical Equipment UK Limited,Lifting Accessories/Eyebolt,GEA01306,N/A,N/A,1800 KG,C15 (M24) 1437,1400,14774,None,None,None,None,02/12/2023,02/06/2024
GEA Mechanical Equipment UK Limited,Lifting Accessories/Endless Round Sling,GEA01295,N/A,N/A,2000 KG,S/No: 002679708,1400,14775,None,None,None,None,02/12/2023,02/06/2024
GEA Mechanical Equipment UK Limited,Lifting Accessories/Eyebolt,GEA01474,N/A,N/A,1800 KG,S/No: C15 (M24) 1802,1800,14776,None,None,None,None,02/12/2023,02/06/2024
GEA Mechanical Equipment UK Limited,Lifting Accessories/Eyenut,GEA01107,N/A,N/A,340 KG,S/No: C15 (M12) 0910,900,14777,None,None,None,None,02/12/2023,02/06/2024
GEA Mechanical Equipment UK Limited,Lifting Accessories/Bow Shackle,GEA01281,N/A,N/A,2000 KG,S/No: AW6GP 1301,1300,14778,None,None,None,None,02/12/2023,02/06/2024
GEA Mechanical Equipment UK Limited,Lifting Accessories/D Shackle,GEA01460,N/A,N/A,30 cwt / 1500,S/No: 1733,1700,14779,None,None,None,None,02/12/2023,02/06/2024
GEA Mechanical Equipment UK Limited,Lifting Accessories/Eyenut,GEA01527,N/A,N/A,340 KG,S/No: C15 (M12) 1908,1900,14780,None,None,None,None,02/12/2023,02/06/2024
GEA Mechanical Equipment UK Limited,Lifting Accessories/D Shackle,GEA01038,N/A,N/A,2000 KG,S/No: VBU15 1706,700,14781,None,None,None,None,02/12/2023,02/06/2024
GEA Mechanical Equipment UK Limited,Lifting Accessories/Endless Round Sling,GEA01256,N/A,N/A,1000 KG,S/No: 3251883,1300,14782,None,None,None,None,02/12/2023,02/06/2024
GEA Mechanical Equipment UK Limited,Lifting Accessories/Bow Shackle,GEA01325,N/A,N/A,2000 KG,S/No 1431,1400,14783,None,None,None,None,02/12/2023,02/06/2024
GEA Mechanical Equipment UK Limited,Lifting Accessories/Eyebolt,GEA01060,N/A,N/A,230 KG,S/No: C15 (M10) 0820,800,14784,None,None,None,None,02/12/2023,02/06/2024
GEA Mechanical Equipment UK Limited,Lifting Accessories/Eyenut,GEA01402,N/A,N/A,340 KG,S/No: C15 (M12) 1608,1600,14785,None,None,None,None,02/12/2023,02/06/2024
GEA Mechanical Equipment UK Limited,Lifting Accessories/D Shackle,GEA01541,N/A,N/A,2000 KG,S/No: 1929,1900,14786,None,None,None,None,02/12/2023,02/06/2024
GEA Mechanical Equipment UK Limited,Lifting Accessories/Endless Round Sling,GEA01254,N/A,N/A,2000 KG,S/No: 003322194,1300,14787,None,None,None,None,02/12/2023,02/06/2024
GEA Mechanical Equipment UK Limited,Lifting Accessories/Bow Shackle,GEA01074,N/A,N/A,2000 KG,S/No: 0812,800,14788,None,None,None,None,02/12/2023,02/06/2024
GEA Mechanical Equipment UK Limited,Lifting Accessories/Eyebolt,GEA01272,N/A,N/A,140 KG,C15 (M8) 1314,1300,14789,None,None,None,None,02/12/2023,02/06/2024
GEA Mechanical Equipment UK Limited,Lifting Accessories/Eyenut,GEA01277,N/A,N/A,230 KG,S/No: C15 (M10) 1319,1300,14790,None,None,None,None,02/12/2023,02/06/2024
GEA Mechanical Equipment UK Limited,Lifting Accessories/D Shackle,GEA01075,N/A,N/A,7000 KG,S/No: 0801,800,14791,None,None,None,None,02/12/2023,02/06/2024
GEA Mechanical Equipment UK Limited,Lifting Accessories/Endless Round Sling,GEA01003,N/A,N/A,2000 KG,S/No: 003322185,700,14792,None,None,None,None,02/12/2023,02/06/2024
GEA Mechanical Equipment UK Limited,Lifting Accessories/Bow Shackle,GEA01155,N/A,N/A,2000 KG,S/No: 1001,1000,14793,None,None,None,None,02/12/2023,02/06/2024
GEA Mechanical Equipment UK Limited,Lifting Accessories/Eyebolt,GEA01058,N/A,N/A,340 KG,S/No: C15 (M12) 0818,800,14794,None,None,None,None,02/12/2023,02/06/2024
GEA Mechanical Equipment UK Limited,Lifting Accessories/Eyenut,GEA01319,N/A,N/A,230 KG,S/No: C15 (M10) 1408,1400,14795,None,None,None,None,02/12/2023,02/06/2024
GEA Mechanical Equipment UK Limited,Lifting Accessories/D Shackle,GEA01289,N/A,N/A,2000 KG,S/No VBC20-1327,1300,14796,None,None,None,None,02/12/2023,02/06/2024
GEA Mechanical Equipment UK Limited,Lifting Accessories/Endless Round Sling,GEA01430,N/A,N/A,1000 KG,S/No: 003255935,1700,14797,None,None,None,None,02/12/2023,02/06/2024
GEA Mechanical Equipment UK Limited,Lifting Accessories/Bow Shackle,GEA01158,N/A,N/A,2000 KG,S/No: 1004,1000,14798,None,None,None,None,02/12/2023,02/06/2024
GEA Mechanical Equipment UK Limited,Lifting Accessories/Eyebolt,GEA01271,N/A,N/A,140 KG,C15 (M8) 1313,1300,14799,None,None,None,None,02/12/2023,02/06/2024
GEA Mechanical Equipment UK Limited,Lifting Accessories/Eyenut,GEA01531,N/A,N/A,140 KG,S/No: C15 (M8) 1900,1900,14800,None,None,None,None,02/12/2023,02/06/2024
GEA Mechanical Equipment UK Limited,Lifting Accessories/D Shackle,GEA01243,N/A,N/A,2000 KG,S/No: 1230,1200,14801,None,None,None,None,02/12/2023,02/06/2024
GEA Mechanical Equipment UK Limited,Lifting Accessories/Bow Shackle,GEA01029,N/A,N/A,2000 KG,S/No: 0709,700,14802,None,None,None,None,02/12/2023,02/06/2024
GEA Mechanical Equipment UK Limited,Lifting Accessories/Endless Round Sling,GEA01094,N/A,N/A,1000 KG,S/No: 3255931,900,14803,None,None,None,None,02/12/2023,02/06/2024
GEA Mechanical Equipment UK Limited,Lifting Accessories/Eyebolt,GEA01311,N/A,N/A,230 KG,S/No: C15 (M10) 1405,1400,14804,None,None,None,None,02/12/2023,02/06/2024
GEA Mechanical Equipment UK Limited,Lifting Accessories/Eyenut,GEA01150,N/A,N/A,340 KG,S/No: C15 (M12) 1018,1000,14805,None,None,None,None,02/12/2023,02/06/2024
GEA Mechanical Equipment UK Limited,Lifting Accessories/D Shackle,GEA01376,N/A,N/A,30cwt / 1500,S/No: 1537,1500,14806,None,None,None,None,02/12/2023,02/06/2024
GEA Mechanical Equipment UK Limited,Lifting Accessories/Endless Round Sling,GEA01506,N/A,N/A,2000 KG,S/No: 002679705,1900,14807,None,None,None,None,02/12/2023,02/06/2024
GEA Mechanical Equipment UK Limited,Lifting Accessories/Bow Shackle,GEA01534,N/A,N/A,2000 KG,S/No: AD6GP 1917,1900,14808,None,None,None,None,02/12/2023,02/06/2024
GEA Mechanical Equipment UK Limited,Lifting Accessories/Eyebolt,GEA01394,N/A,N/A,340 KG,S/No: C15 (M12) 1609,1600,14809,None,None,None,None,02/12/2023,02/06/2024
GEA Mechanical Equipment UK Limited,Lifting Accessories/D Shackle,GEA01033,N/A,N/A,7000 KG,S/No: VBC20-1701,700,14810,None,None,None,None,02/12/2023,02/06/2024
GEA Mechanical Equipment UK Limited,Lifting Accessories/Eyenut,GEA01445,N/A,N/A,230 KG,S/No: C15 (M10) 1704,1700,14811,None,None,None,None,02/12/2023,02/06/2024
GEA Mechanical Equipment UK Limited,Lifting Accessories/Endless Round Sling,GEA01004,N/A,N/A,1000 KG,S/No: 003313966,700,14812,None,None,None,None,02/12/2023,02/06/2024
GEA Mechanical Equipment UK Limited,Lifting Accessories/Bow Shackle,GEA01032,N/A,N/A,2000 KG,S/No: 0712,700,14813,None,None,None,None,02/12/2023,02/06/2024
GEA Mechanical Equipment UK Limited,Lifting Accessories/Eyebolt,GEA01347,N/A,N/A,1800 KG,S/No: C15 (M24) 1539,1500,14814,None,None,None,None,02/12/2023,02/06/2024
GEA Mechanical Equipment UK Limited,Lifting Accessories/Eyenut,GEA01066,N/A,N/A,340 KG,S/No: C15 (M12) 0826,800,14815,None,None,None,None,02/12/2023,02/06/2024
GEA Mechanical Equipment UK Limited,Lifting Accessories/D Shackle,GEA01245,N/A,N/A,2000 KG,S/No: 1234,1200,14816,None,None,None,None,02/12/2023,02/06/2024
GEA Mechanical Equipment UK Limited,Lifting Accessories/Endless Round Sling,GEA01052,N/A,N/A,1000 KG,S/No: 00302697,800,14817,None,None,None,None,02/12/2023,02/06/2024
GEA Mechanical Equipment UK Limited,Lifting Accessories/Eyebolt,GEA01145,N/A,N/A,140 KG,S/No: C15 (M8) 1013,1000,14818,None,None,None,None,02/12/2023,02/06/2024
GEA Mechanical Equipment UK Limited,Lifting Accessories/D Shackle,GEA01080,N/A,N/A,2000 KG,S/No: 0806,800,14819,None,None,None,None,02/12/2023,02/06/2024
GEA Mechanical Equipment UK Limited,Lifting Accessories/Eyenut,GEA01275,N/A,N/A,340 KG,S/No: C15 (M12) 1317,1300,14820,None,None,None,None,02/12/2023,02/06/2024
GEA Mechanical Equipment UK Limited,Lifting Accessories/Endless Round Sling,GEA01126,N/A,N/A,2000 KG,S/No: 003322190,1000,14821,None,None,None,None,02/12/2023,02/06/2024
GEA Mechanical Equipment UK Limited,Lifting Accessories/Eyebolt,GEA01187,N/A,N/A,140 KG,S/No: C15 (M8) 1102,1100,14822,None,None,None,None,02/12/2023,02/06/2024
GEA Mechanical Equipment UK Limited,Lifting Accessories/Eyenut,GEA01320,N/A,N/A,230 KG,S/No: C15 (M10) 1406,1400,14823,None,None,None,None,02/12/2023,02/06/2024
GEA Mechanical Equipment UK Limited,Lifting Accessories/D Shackle,GEA01499,N/A,N/A,2000 KG,S/No: 1823,1800,14824,None,None,None,None,02/12/2023,02/06/2024
GEA Mechanical Equipment UK Limited,Lifting Accessories/Endless Round Sling,GEA01262,N/A,N/A,1000 KG,S/No: 003302712,1300,14825,None,None,None,None,02/12/2023,02/06/2024
GEA Mechanical Equipment UK Limited,Lifting Accessories/Eyebolt,GEA01391,N/A,N/A,700 KG,S/No: C15 (M16) 1615,1600,14826,None,None,None,None,02/12/2023,02/06/2024
GEA Mechanical Equipment UK Limited,Lifting Accessories/Eyenut,GEA01399,N/A,N/A,700 KG,S/No: C15 (M16) 1614,1600,14827,None,None,None,None,02/12/2023,02/06/2024
GEA Mechanical Equipment UK Limited,Lifting Accessories/D Shackle,GEA01545,N/A,N/A,2150 KG,S/No: ST 13388/6,1900,14828,None,None,None,None,02/12/2023,02/06/2024
GEA Mechanical Equipment UK Limited,Lifting Accessories/Endless Round Sling,GEA01424,N/A,N/A,1000 KG,S/No: 2779512,1700,14829,None,None,None,None,02/12/2023,02/06/2024
GEA Mechanical Equipment UK Limited,Lifting Accessories/Eyebolt,GEA01473,N/A,N/A,1800 KG,S/No: C15 (M24) 1801,1800,14830,None,None,None,None,02/12/2023,02/06/2024
GEA Mechanical Equipment UK Limited,Lifting Accessories/Eyenut,GEA01364,N/A,N/A,140 KG,S/No: C15 (M8) 1500,1500,14831,None,None,None,None,02/12/2023,02/06/2024
GEA Mechanical Equipment UK Limited,Lifting Accessories/D Shackle,GEA01370,N/A,N/A,7000 KG,S/No. : 1519,1500,14832,None,None,None,None,02/12/2023,02/06/2024
GEA Mechanical Equipment UK Limited,Lifting Accessories/Eyebolt,GEA01096,N/A,N/A,2500 KG,C15 (M24) 0923,900,14833,None,None,None,None,02/12/2023,02/06/2024
GEA Mechanical Equipment UK Limited,Lifting Accessories/Endless Round Sling,GEA01127,N/A,N/A,2000 KG,S/No: 003322191,1000,14834,None,None,None,None,02/12/2023,02/06/2024
GEA Mechanical Equipment UK Limited,Lifting Accessories/Eyenut,GEA01400,N/A,N/A,700 KG,S/No: C15 (M16) 1612,1600,14835,None,None,None,None,02/12/2023,02/06/2024
GEA Mechanical Equipment UK Limited,Lifting Accessories/D Shackle,GEA01335,N/A,N/A,30cwt / 1500,S/No: 1434,1400,14836,None,None,None,None,02/12/2023,02/06/2024
GEA Mechanical Equipment UK Limited,Lifting Accessories/Endless Round Sling,GEA01000,N/A,N/A,2000 KG,3322183,700,14837,None,None,None,None,02/12/2023,02/06/2024
GEA Mechanical Equipment UK Limited,Lifting Accessories/Eyebolt,GEA01515,N/A,N/A,2500 KG,C15 (M24) 1921,1900,14838,None,None,None,None,02/12/2023,02/06/2024
GEA Mechanical Equipment UK Limited,Lifting Accessories/Eyenut,GEA01363,N/A,N/A,140 KG,S/No: C15 (M8) 1502,1500,14839,None,None,None,None,02/12/2023,02/06/2024
GEA Mechanical Equipment UK Limited,Lifting Accessories/D Shackle,GEA01162,N/A,N/A,2000 KG,S/No: VBS15 1026,1000,14840,None,None,None,None,02/12/2023,02/06/2024
GEA Mechanical Equipment UK Limited,Lifting Accessories/Eyebolt,GEA01020,N/A,N/A,140 KG,S/No: C15 (M8) 0722,700,14841,None,None,None,None,02/12/2023,02/06/2024
GEA Mechanical Equipment UK Limited,Lifting Accessories/Endless Round Sling,GEA01513,N/A,N/A,1000 KG,S/No:,1900,14842,None,None,None,None,02/12/2023,02/06/2024
GEA Mechanical Equipment UK Limited,Lifting Accessories/Eyenut,GEA01233,N/A,N/A,340 KG,S/No: C15 (M12) 1209,1200,14843,None,None,None,None,02/12/2023,02/06/2024
GEA Mechanical Equipment UK Limited,Lifting Accessories/D Shackle,GEA01412,N/A,N/A,7000 KG,S/No: 1638,1600,14844,None,None,None,None,02/12/2023,02/06/2024
GEA Mechanical Equipment UK Limited,Lifting Accessories/Endless Round Sling,GEA01381,N/A,N/A,2000 KG,S/No: 003246384,1600,14845,None,None,None,None,02/12/2023,02/06/2024
GEA Mechanical Equipment UK Limited,Lifting Accessories/Eyebolt,GEA01268,N/A,N/A,340 KG,C15 (M12) 1310,1300,14846,None,None,None,None,02/12/2023,02/06/2024
GEA Mechanical Equipment UK Limited,Lifting Accessories/Eyenut,GEA01106,N/A,N/A,700 KG,S/No: C15 (M16) 0914,900,14847,None,None,None,None,02/12/2023,02/06/2024
GEA Mechanical Equipment UK Limited,Lifting Accessories/D Shackle,GEA01544,N/A,N/A,30cwt / 1500,S/No: 1927,1900,14848,None,None,None,None,02/12/2023,02/06/2024
GEA Mechanical Equipment UK Limited,Lifting Accessories/Eyebolt,GEA01440,N/A,N/A,140 KG,S/No: C15 (M8) 1703,1700,14849,None,None,None,None,02/12/2023,02/06/2024
GEA Mechanical Equipment UK Limited,Lifting Accessories/Endless Round Sling,GEA01337,N/A,N/A,2000 KG,S/No: 002460892 (002460852),1500,14850,None,None,None,None,02/12/2023,02/06/2024
GEA Mechanical Equipment UK Limited,Lifting Accessories/Eyenut,GEA01490,N/A,N/A,140 KG,S/No: C15 (M8) 1818,1800,14851,None,None,None,None,02/12/2023,02/06/2024
GEA Mechanical Equipment UK Limited,Lifting Accessories/D Shackle,GEA01498,N/A,N/A,2000 KG,S/No: 1822,1800,14852,None,None,None,None,02/12/2023,02/06/2024
GEA Mechanical Equipment UK Limited,Lifting Accessories/Endless Round Sling,GEA01423,N/A,N/A,2000 KG,S/No: 002995020,1700,14853,None,None,None,None,02/12/2023,02/06/2024
GEA Mechanical Equipment UK Limited,Lifting Accessories/Eyebolt,GEA01102,N/A,N/A,230 KG,S/No: C15 (M10) 0905,900,14854,None,None,None,None,02/12/2023,02/06/2024
GEA Mechanical Equipment UK Limited,Lifting Accessories/Eyenut,GEA01070,N/A,N/A,140 KG,S/No: C15 (M8) 0830,800,14855,None,None,None,None,02/12/2023,02/06/2024
GEA Mechanical Equipment UK Limited,Lifting Accessories/D Shackle,GEA01538,N/A,N/A,7000 KG,S/No: 1919,1900,14856,None,None,None,None,02/12/2023,02/06/2024
GEA Mechanical Equipment UK Limited,Lifting Accessories/Endless Round Sling,GEA01425,N/A,N/A,1000 KG,S/No: 2779513,1700,14857,None,None,None,None,02/12/2023,02/06/2024
GEA Mechanical Equipment UK Limited,Lifting Accessories/Eyebolt,GEA01266,N/A,N/A,700 KG,C15 (M16) 1308,1300,14858,None,None,None,None,02/12/2023,02/06/2024
GEA Mechanical Equipment UK Limited,Lifting Accessories/Eyebolt,GEA01267,N/A,N/A,340 KG,C15 (M12) 1309,1300,14859,None,None,None,None,02/12/2023,02/06/2024
GEA Mechanical Equipment UK Limited,Lifting Accessories/D Shackle,GEA01034,N/A,N/A,7000 KG,S/No: VBC20-1702,700,14860,None,None,None,None,02/12/2023,02/06/2024
GEA Mechanical Equipment UK Limited,Lifting Accessories/Eyebolt,GEA01482,N/A,N/A,150 KG,S/No: C15 (M8) 1810,1800,14861,None,None,None,None,02/12/2023,02/06/2024
GEA Mechanical Equipment UK Limited,Lifting Accessories/D Shackle,GEA01286,N/A,N/A,7000 KG,S/No VBC20-1324,1300,14862,None,None,None,None,02/12/2023,02/06/2024
GEA Mechanical Equipment UK Limited,Lifting Accessories/Endless Round Sling,GEA01088,N/A,N/A,1000 KG,S/No: 003031042,900,14863,None,None,None,None,02/12/2023,02/06/2024
GEA Mechanical Equipment UK Limited,Lifting Accessories/Eyebolt,GEA01349,N/A,N/A,700 KG,S/No: C15 (M16) 1521,1500,14864,None,None,None,None,02/12/2023,02/06/2024
GEA Mechanical Equipment UK Limited,Lifting Accessories/Eyenut,GEA01023,N/A,N/A,340 KG,S/No: C15 (M12) 0725,700,14865,None,None,None,None,02/12/2023,02/06/2024
GEA Mechanical Equipment UK Limited,Lifting Accessories/D Shackle,GEA01328,N/A,N/A,7000 KG,S/No 1435,1400,14866,None,None,None,None,02/12/2023,02/06/2024
GEA Mechanical Equipment UK Limited,Lifting Accessories/Endless Round Sling,GEA01379,N/A,N/A,2000 KG,S/No: 003322198,1600,14867,None,None,None,None,02/12/2023,02/06/2024
GEA Mechanical Equipment UK Limited,Lifting Accessories/Eyenut,GEA01317,N/A,N/A,340 KG,S/No: C15 (M12) 1416,1400,14868,None,None,None,None,02/12/2023,02/06/2024
GEA Mechanical Equipment UK Limited,Lifting Accessories/Eyebolt,GEA01263,N/A,N/A,1800 KG,C15 (M24) 1305,1300,14869,None,None,None,None,02/12/2023,02/06/2024
GEA Mechanical Equipment UK Limited,Lifting Accessories/Eyenut,GEA01360,N/A,N/A,340 KG,S/No: C15 (M12) 1508,1500,14870,None,None,None,None,02/12/2023,02/06/2024
GEA Mechanical Equipment UK Limited,Lifting Accessories/Endless Round Sling,GEA01465,N/A,N/A,2000 KG,S/No: 002522568,1800,14871,None,None,None,None,02/12/2023,02/06/2024
GEA Mechanical Equipment UK Limited,Lifting Accessories/D Shackle,GEA01166,N/A,N/A,1500 KG,S/No: VBU14 1029,1000,14872,None,None,None,None,02/12/2023,02/06/2024
GEA Mechanical Equipment UK Limited,Lifting Accessories/Eyebolt,GEA01312,N/A,N/A,230 KG,S/No: C15 (M10) 1407,1400,14873,None,None,None,None,02/12/2023,02/06/2024
GEA Mechanical Equipment UK Limited,Lifting Accessories/Endless Round Sling,GEA01505,N/A,N/A,2000 KG,S/No: 002522575,1900,14874,None,None,None,None,02/12/2023,02/06/2024
GEA Mechanical Equipment UK Limited,Lifting Accessories/D Shackle,GEA01203,N/A,N/A,7000 KG,S/No : 1123,1100,14875,None,None,None,None,02/12/2023,02/06/2024
GEA Mechanical Equipment UK Limited,Lifting Accessories/Eyenut,GEA01064,N/A,N/A,700 KG,S/No: C15 (M16) 0824,800,14876,None,None,None,None,02/12/2023,02/06/2024
GEA Mechanical Equipment UK Limited,Lifting Accessories/Eyebolt,GEA01521,N/A,N/A,230 KG,S/No: C15 (M10) 1905,1900,14877,None,None,None,None,02/12/2023,02/06/2024
GEA Mechanical Equipment UK Limited,Lifting Accessories/D Shackle,GEA01117,N/A,N/A,7000 KG,S/No: ZKA20 0918,900,14878,None,None,None,None,02/12/2023,02/06/2024
GEA Mechanical Equipment UK Limited,Lifting Accessories/Eyenut,GEA01316,N/A,N/A,700 KG,S/No: C15 (M16) 1412,1400,14879,None,None,None,None,02/12/2023,02/06/2024
GEA Mechanical Equipment UK Limited,Lifting Accessories/Endless Round Sling,GEA01178,N/A,N/A,1000 KG,S/No: 003180617,1100,14880,None,None,None,None,02/12/2023,02/06/2024
GEA Mechanical Equipment UK Limited,Lifting Accessories/Eyebolt,GEA01314,N/A,N/A,140 KG,S/No: C15 (M8) 1403,1400,14881,None,None,None,None,02/12/2023,02/06/2024
GEA Mechanical Equipment UK Limited,Lifting Accessories/D Shackle,GEA01164,N/A,N/A,2000 KG,S/No: VBS15 1028,1000,14882,None,None,None,None,02/12/2023,02/06/2024
GEA Mechanical Equipment UK Limited,Lifting Accessories/Eyenut,GEA01152,N/A,N/A,230 KG,S/No: C15 (M10) 1020,1000,14883,None,None,None,None,02/12/2023,02/06/2024
GEA Mechanical Equipment UK Limited,Lifting Accessories/Eyebolt,GEA01305,N/A,N/A,1800 KG,C15 (M24) 1433,1400,14884,None,None,None,None,02/12/2023,02/06/2024
GEA Mechanical Equipment UK Limited,Lifting Accessories/Endless Round Sling,GEA01380,N/A,N/A,2000 KG,S/No: 003322199,1600,14885,None,None,None,None,02/12/2023,02/06/2024
GEA Mechanical Equipment UK Limited,Lifting Accessories/Eyenut,GEA01154,N/A,N/A,140 KG,S/No: C15 (M8) 1022,1000,14886,None,None,None,None,02/12/2023,02/06/2024
GEA Mechanical Equipment UK Limited,Lifting Accessories/D Shackle,GEA01416,N/A,N/A,2000 KG,S/No:1620,1600,14887,None,None,None,None,02/12/2023,02/06/2024
GEA Mechanical Equipment UK Limited,Lifting Accessories/Endless Round Sling,GEA01252,N/A,N/A,2000 KG,S/No: 003322197,1300,14888,None,None,None,None,02/12/2023,02/06/2024
GEA Mechanical Equipment UK Limited,Lifting Accessories/Eyebolt,GEA01476,N/A,N/A,800 KG,S/No: C15 (M16) 1804,1800,14889,None,None,None,None,02/12/2023,02/06/2024
GEA Mechanical Equipment UK Limited,Lifting Accessories/Endless Round Sling,GEA01514,N/A,N/A,1000 KG,S/No: 03255924,1900,14890,None,None,None,None,02/12/2023,02/06/2024
GEA Mechanical Equipment UK Limited,Lifting Accessories/D Shackle,GEA01037,N/A,N/A,2000 KG,S/No: VBU15 1705,700,14891,None,None,None,None,02/12/2023,02/06/2024
GEA Mechanical Equipment UK Limited,Lifting Accessories/Eyebolt,GEA01061,N/A,N/A,140 KG,S/No: C15 (M8) 0821,800,14892,None,None,None,None,02/12/2023,02/06/2024
GEA Mechanical Equipment UK Limited,Lifting Accessories/Eyenut,GEA01147,N/A,N/A,700 KG,S/No: C15 (M16) 1015,1000,14893,None,None,None,None,02/12/2023,02/06/2024
GEA Mechanical Equipment UK Limited,Lifting Accessories/Endless Round Sling,GEA01466,N/A,N/A,1000 KG,S/No: 003313973,1800,14894,None,None,None,None,02/12/2023,02/06/2024
GEA Mechanical Equipment UK Limited,Lifting Accessories/Eyebolt,GEA01138,N/A,N/A,1800 KG,C15 (M24) 1006,1000,14895,None,None,None,None,02/12/2023,02/06/2024
GEA Mechanical Equipment UK Limited,Lifting Accessories/D Shackle,GEA01246,N/A,N/A,7000 KG,S/No: 1223,1200,14896,None,None,None,None,02/12/2023,02/06/2024
GEA Mechanical Equipment UK Limited,Lifting Accessories/Eyenut,GEA01485,N/A,N/A,340 KG,S/No: C15 (M12) 1813,1800,14897,None,None,None,None,02/12/2023,02/06/2024
GEA Mechanical Equipment UK Limited,Lifting Accessories/Eyebolt,GEA01019,N/A,N/A,140 KG,S/No: C15 (M8) 0721,700,14898,None,None,None,None,02/12/2023,02/06/2024
GEA Mechanical Equipment UK Limited,Lifting Accessories/Endless Round Sling,GEA01009,N/A,N/A,1000 KG,S/No: 3302711,700,14899,None,None,None,None,02/12/2023,02/06/2024
GEA Mechanical Equipment UK Limited,Lifting Accessories/D Shackle,GEA01122,N/A,N/A,2000 KG,S/No: VBH14 0930,900,14900,None,None,None,None,02/12/2023,02/06/2024
GEA Mechanical Equipment UK Limited,Lifting Accessories/Eyenut,GEA01528,N/A,N/A,340 KG,S/No: C15 (M12) 1910,1900,14901,None,None,None,None,02/12/2023,02/06/2024
GEA Mechanical Equipment UK Limited,Lifting Accessories/Endless Round Sling,GEA01086,N/A,N/A,2000 KG,S/No: 003254982,900,14902,None,None,None,None,02/12/2023,02/06/2024
GEA Mechanical Equipment UK Limited,Lifting Accessories/D Shackle,GEA01454,N/A,N/A,2000 KG,S/No: 1731,1700,14903,None,None,None,None,02/12/2023,02/06/2024
GEA Mechanical Equipment UK Limited,Lifting Accessories/Eyebolt,GEA01226,N/A,N/A,340 KG,S/No: C15 (M12) 1210,1200,14904,None,None,None,None,02/12/2023,02/06/2024
GEA Mechanical Equipment UK Limited,Lifting Accessories/Eyenut,GEA01532,N/A,N/A,140 KG,S/No: C15 (M8) 1902,1900,14905,None,None,None,None,02/12/2023,02/06/2024
GEA Mechanical Equipment UK Limited,Lifting Accessories/D Shackle,GEA01035,N/A,N/A,7000 KG,S/No: VBC20-1703,700,14906,None,None,None,None,02/12/2023,02/06/2024
GEA Mechanical Equipment UK Limited,Lifting Accessories/Endless Round Sling,GEA01087,N/A,N/A,2000 KG,S/No: 003246383,900,14907,None,None,None,None,02/12/2023,02/06/2024
GEA Mechanical Equipment UK Limited,Lifting Accessories/Eyebolt,GEA01100,N/A,N/A,340 KG,S/No: C15 (M12) 0909,900,14908,None,None,None,None,02/12/2023,02/06/2024
GEA Mechanical Equipment UK Limited,Lifting Accessories/Eyenut,GEA01067,N/A,N/A,230 KG,S/No: C15 (M10) 0827,800,14909,None,None,None,None,02/12/2023,02/06/2024
GEA Mechanical Equipment UK Limited,Lifting Accessories/D Shackle,GEA01205,N/A,N/A,2000 KG,S/No: 1132,1100,14910,None,None,None,None,02/12/2023,02/06/2024
GEA Mechanical Equipment UK Limited,Lifting Accessories/Endless Round Sling,GEA01168,N/A,N/A,2000 KG,S/No: 002522565,1100,14911,None,None,None,None,02/12/2023,02/06/2024
GEA Mechanical Equipment UK Limited,Lifting Accessories/Eyenut,GEA01273,N/A,N/A,700 KG,S/No: C15 (M16) 1315,1300,14912,None,None,None,None,02/12/2023,02/06/2024
GEA Mechanical Equipment UK Limited,Lifting Accessories/Eyebolt,GEA01179,N/A,N/A,1800 KG,S/No: 1119 M6 (M24),1100,14913,None,None,None,None,02/12/2023,02/06/2024
GEA Mechanical Equipment UK Limited,Lifting Accessories/Endless Round Sling,GEA01299,N/A,N/A,1000 KG,S/No: 083616,1400,14914,None,None,None,None,02/12/2023,02/06/2024
GEA Mechanical Equipment UK Limited,Lifting Accessories/Eyebolt,GEA01351,N/A,N/A,340 KG,S/No: C15 (M12) 1509,1500,14915,None,None,None,None,02/12/2023,02/06/2024
GEA Mechanical Equipment UK Limited,Lifting Accessories/Eyenut,GEA01231,N/A,N/A,700 KG,S/No: C15 (M16) 1213,1200,14916,None,None,None,None,02/12/2023,02/06/2024
GEA Mechanical Equipment UK Limited,Lifting Accessories/Endless Round Sling,GEA01177,N/A,N/A,1000 KG,S/No: 003180625,1100,14917,None,None,None,None,02/12/2023,02/06/2024
GEA Mechanical Equipment UK Limited,Lifting Accessories/D Shackle,GEA01373,N/A,N/A,2000 KG,S/No: 1535,1500,14918,None,None,None,None,02/12/2023,02/06/2024
GEA Mechanical Equipment UK Limited,Lifting Accessories/Eyebolt,GEA01390,N/A,N/A,1800 KG,C15 (M24) 1622,1600,14919,None,None,None,None,02/12/2023,02/06/2024
GEA Mechanical Equipment UK Limited,Lifting Accessories/D Shackle,GEA01495,N/A,N/A,7000 KG,S/No: 1819,1800,14920,None,None,None,None,02/12/2023,02/06/2024
GEA Mechanical Equipment UK Limited,Lifting Accessories/D Shackle,GEA01202,N/A,N/A,7000 KG,S/No : 1122,1100,14921,None,None,None,None,02/12/2023,02/06/2024
GEA Mechanical Equipment UK Limited,Lifting Accessories/Eyebolt,GEA01432,N/A,N/A,2500 KG,C15 (M24) 1736,1700,14922,None,None,None,None,02/12/2023,02/06/2024
GEA Mechanical Equipment UK Limited,Lifting Accessories/Endless Round Sling,GEA01128,N/A,N/A,2000 KG,S/No: 003322192,1000,14923,None,None,None,None,02/12/2023,02/06/2024
GEA Mechanical Equipment UK Limited,Lifting Accessories/Eyenut,GEA01403,N/A,N/A,230 KG,S/No: C15 (M10) 1606,1600,14924,None,None,None,None,02/12/2023,02/06/2024
GEA Mechanical Equipment UK Limited,Lifting Accessories/Eyenut,GEA01446,N/A,N/A,230 KG,S/No: C15 (M10) 1706,1700,14925,None,None,None,None,02/12/2023,02/06/2024
GEA Mechanical Equipment UK Limited,Lifting Accessories/D Shackle,GEA01209,N/A,N/A,1500 KG,S/No: 1135,1100,14926,None,None,None,None,02/12/2023,02/06/2024
GEA Mechanical Equipment UK Limited,Lifting Accessories/Endless Round Sling,GEA01339,N/A,N/A,2000 KG,S/No: 003254977,1500,14927,None,None,None,None,02/12/2023,02/06/2024
GEA Mechanical Equipment UK Limited,Lifting Accessories/Eyebolt,GEA01140,N/A,N/A,700 KG,S/No: C15 (M16) 1008,1000,14928,None,None,None,None,02/12/2023,02/06/2024
GEA Mechanical Equipment UK Limited,Lifting Accessories/Eyebolt,GEA01097,N/A,N/A,700 KG,S/No: C15 (M16) 0915,900,14929,None,None,None,None,02/12/2023,02/06/2024
GEA Mechanical Equipment UK Limited,Lifting Accessories/D Shackle,GEA01208,N/A,N/A,1500 KG,S/No: 1134,1100,14930,None,None,None,None,02/12/2023,02/06/2024
GEA Mechanical Equipment UK Limited,Lifting Accessories/Eyenut,GEA01236,N/A,N/A,230 KG,S/No: C15 (M10) 1207,1200,14931,None,None,None,None,02/12/2023,02/06/2024
GEA Mechanical Equipment UK Limited,Lifting Accessories/Endless Round Sling,GEA01130,N/A,N/A,1000 KG,S/No: 003302722,1000,14932,None,None,None,None,02/12/2023,02/06/2024
GEA Mechanical Equipment UK Limited,Lifting Accessories/Eyebolt,GEA01397,N/A,N/A,140 KG,S/No: C15 (M8) 1603,1600,14933,None,None,None,None,02/12/2023,02/06/2024
GEA Mechanical Equipment UK Limited,Lifting Accessories/D Shackle,GEA01455,N/A,N/A,2000 KG,S/No: 1732,1700,14934,None,None,None,None,02/12/2023,02/06/2024
GEA Mechanical Equipment UK Limited,Lifting Accessories/Endless Round Sling,GEA01346,N/A,N/A,1000 KG,S/No: 003255927,1500,14935,None,None,None,None,02/12/2023,02/06/2024
GEA Mechanical Equipment UK Limited,Lifting Accessories/Eyenut,GEA01234,N/A,N/A,340 KG,S/No: C15 (M12) 1211,1200,14936,None,None,None,None,02/12/2023,02/06/2024
GEA Mechanical Equipment UK Limited,Lifting Accessories/D Shackle,GEA01083,N/A,N/A,2000 KG,S/No: 0808,800,14937,None,None,None,None,02/12/2023,02/06/2024
GEA Mechanical Equipment UK Limited,Lifting Accessories/Endless Round Sling,GEA01085,N/A,N/A,2000 KG,S/No: 003254980,900,14938,None,None,None,None,02/12/2023,02/06/2024
GEA Mechanical Equipment UK Limited,Lifting Accessories/Eyebolt,GEA01434,N/A,N/A,700 KG,S/No: C15 (M16) 1715,1700,14939,None,None,None,None,02/12/2023,02/06/2024
GEA Mechanical Equipment UK Limited,Lifting Accessories/Eyenut,GEA01027,N/A,N/A,140 KG,S/No: C15 (M8) 0729,700,14940,None,None,None,None,02/12/2023,02/06/2024
GEA Mechanical Equipment UK Limited,Lifting Accessories/D Shackle,GEA01327,N/A,N/A,7000 KG,S/No 1434,1400,14941,None,None,None,None,02/12/2023,02/06/2024
GEA Mechanical Equipment UK Limited,Lifting Accessories/Eyenut,GEA01021,N/A,N/A,700 KG,S/No: C15 (M16) 0723,700,14942,None,None,None,None,02/12/2023,02/06/2024
GEA Mechanical Equipment UK Limited,Lifting Accessories/Endless Round Sling,GEA01093,N/A,N/A,1000 KG,S/No: 816364,900,14943,None,None,None,None,02/12/2023,02/06/2024
GEA Mechanical Equipment UK Limited,Lifting Accessories/Eyebolt,GEA01011,N/A,N/A,1800 KG,C15 (M24) 0713,700,14944,None,None,None,None,02/12/2023,02/06/2024
GEA Mechanical Equipment UK Limited,Lifting Accessories/D Shackle,GEA01251,N/A,N/A,30 cwt / 1524kgs,S/No: 1234,1200,14945,None,None,None,None,02/12/2023,02/06/2024
GEA Mechanical Equipment UK Limited,Lifting Accessories/Eyenut,GEA01069,N/A,N/A,140 KG,S/No: C15 (M8) 0829,800,14946,None,None,None,None,02/12/2023,02/06/2024
GEA Mechanical Equipment UK Limited,Lifting Accessories/Endless Round Sling,GEA01378,N/A,N/A,2000 KG,S/No: 002460848,1600,14947,None,None,None,None,02/12/2023,02/06/2024
GEA Mechanical Equipment UK Limited,Lifting Accessories/Eyebolt,GEA01228,N/A,N/A,230 KG,S/No: C15 (M10) 1208,1200,14948,None,None,None,None,02/12/2023,02/06/2024
GEA Mechanical Equipment UK Limited,Lifting Accessories/Eyenut,GEA01149,N/A,N/A,340 KG,S/No: C15 (M12) 1017,1000,14949,None,None,None,None,02/12/2023,02/06/2024
GEA Mechanical Equipment UK Limited,Lifting Accessories/Eyebolt,GEA01101,N/A,N/A,230 KG,S/No: C15 (M10) 0907,900,14950,None,None,None,None,02/12/2023,02/06/2024
GEA Mechanical Equipment UK Limited,Lifting Accessories/Eyebolt,GEA01309,N/A,N/A,340 KG,S/No: C15 (M12) 1409,1400,14951,None,None,None,None,02/12/2023,02/06/2024
GEA Mechanical Equipment UK Limited,Lifting Accessories/Eyenut,GEA01068,N/A,N/A,230 KG,S/No: C15 (M10) 0828,800,14952,None,None,None,None,02/12/2023,02/06/2024
GEA Mechanical Equipment UK Limited,Lifting Accessories/D Shackle,GEA01497,N/A,N/A,7000 KG,S/No: 1821,1800,14953,None,None,None,None,02/12/2023,02/06/2024
GEA Mechanical Equipment UK Limited,Lifting Accessories/Endless Round Sling,GEA01467,N/A,N/A,1000 KG,S/No: 087722,1800,14954,None,None,None,None,02/12/2023,02/06/2024
GEA Mechanical Equipment UK Limited,Lifting Accessories/Endless Round Sling,GEA01304,N/A,N/A,1000 KG,S/No: 3255945,1400,14955,None,None,None,None,02/12/2023,02/06/2024
GEA Mechanical Equipment UK Limited,Lifting Accessories/D Shackle,GEA01206,N/A,N/A,2000 KG,S/No: 1133,1100,14956,None,None,None,None,02/12/2023,02/06/2024
GEA Mechanical Equipment UK Limited,Lifting Accessories/Endless Round Sling,GEA01215,N/A,N/A,1000 KG,S/No: 087719,1200,14957,None,None,None,None,02/12/2023,02/06/2024
GEA Mechanical Equipment UK Limited,Lifting Accessories/D Shackle,GEA01458,N/A,N/A,7000 KG,S/No: 1719,1700,14958,None,None,None,None,02/12/2023,02/06/2024
GEA Mechanical Equipment UK Limited,Lifting Accessories/Eyenut,GEA01191,N/A,N/A,340 KG,S/No: C15 (M12) 1127,1100,14959,None,None,None,None,02/12/2023,02/06/2024
GEA Mechanical Equipment UK Limited,Lifting Accessories/Eyebolt,GEA01055,N/A,N/A,700 KG,S/No: C15 (M16) 0815,800,14960,None,None,None,None,02/12/2023,02/06/2024
GEA Mechanical Equipment UK Limited,Lifting Accessories/Eyebolt,GEA01395,N/A,N/A,230 KG,S/No: C15 (M10) 1607,1600,14961,None,None,None,None,02/12/2023,02/06/2024
GEA Mechanical Equipment UK Limited,Lifting Accessories/Eyenut,GEA01238,N/A,N/A,140 KG,S/No: C15 (M8) 1203,1200,14962,None,None,None,None,02/12/2023,02/06/2024
GEA Mechanical Equipment UK Limited,Lifting Accessories/Endless Round Sling,GEA01303,N/A,N/A,1000 KG,S/No: 002722432,1400,14963,None,None,None,None,02/12/2023,02/06/2024
GEA Mechanical Equipment UK Limited,Lifting Accessories/D Shackle,GEA01540,N/A,N/A,2000 KG,S/No: 1928,1900,14964,None,None,None,None,02/12/2023,02/06/2024
GEA Mechanical Equipment UK Limited,Lifting Accessories/Eyebolt,GEA01477,N/A,N/A,340 KG,S/No: C15 (M12) 1805,1800,14965,None,None,None,None,02/12/2023,02/06/2024
GEA Mechanical Equipment UK Limited,Lifting Accessories/D Shackle,GEA01292,N/A,N/A,2000 KG,S/No VBC20-1329,1300,14966,None,None,None,None,02/12/2023,02/06/2024
GEA Mechanical Equipment UK Limited,Lifting Accessories/Eyenut,GEA01357,N/A,N/A,700 KG,S/No: C15 (M16) 1514,1500,14967,None,None,None,None,02/12/2023,02/06/2024
GEA Mechanical Equipment UK Limited,Lifting Accessories/Endless Round Sling,GEA01336,N/A,N/A,2000 KG,S/No: 002460860,1500,14968,None,None,None,None,02/12/2023,02/06/2024
GEA Mechanical Equipment UK Limited,Lifting Accessories/Eyebolt,GEA01523,N/A,N/A,140 KG,S/No: C15 (M8) 1901,1900,14969,None,None,None,None,02/12/2023,02/06/2024
GEA Mechanical Equipment UK Limited,Lifting Accessories/Endless Round Sling,GEA01420,N/A,N/A,2000 KG,S/No: 002460855,1700,14970,None,None,None,None,02/12/2023,02/06/2024
GEA Mechanical Equipment UK Limited,Lifting Accessories/Eyenut,GEA01028,N/A,N/A,140 KG,S/No: C15 (M8) 0730,700,14971,None,None,None,None,02/12/2023,02/06/2024
GEA Mechanical Equipment UK Limited,Lifting Accessories/D Shackle,GEA01201,N/A,N/A,7000 KG,S/No : 1121,1100,14972,None,None,None,None,02/12/2023,02/06/2024
GEA Mechanical Equipment UK Limited,Lifting Accessories/Eyenut,GEA01196,N/A,N/A,140 KG,S/No: C15 (M8) 1101,1100,14973,None,None,None,None,02/12/2023,02/06/2024
GEA Mechanical Equipment UK Limited,Lifting Accessories/D Shackle,GEA01542,N/A,N/A,2000 KG,S/No: 1930,1900,14974,None,None,None,None,02/12/2023,02/06/2024
GEA Mechanical Equipment UK Limited,Lifting Accessories/D Shackle,GEA01119,N/A,N/A,7000 KG,S/No: VBF20 0920,900,14975,None,None,None,None,02/12/2023,02/06/2024
GEA Mechanical Equipment UK Limited,Lifting Accessories/Eyebolt,GEA01518,N/A,N/A,700 KG,S/No: C15 (M16) 1913,1900,14976,None,None,None,None,02/12/2023,02/06/2024
GEA Mechanical Equipment UK Limited,Lifting Accessories/Endless Round Sling,GEA01042,N/A,N/A,2000 KG,S/No: 003322202,800,14977,None,None,None,None,02/12/2023,02/06/2024
GEA Mechanical Equipment UK Limited,Lifting Accessories/Eyenut,GEA01190,N/A,N/A,700 KG,S/No: C15 (M16) 1115,1100,14978,None,None,None,None,02/12/2023,02/06/2024
GEA Mechanical Equipment UK Limited,Lifting Accessories/Endless Round Sling,GEA01261,N/A,N/A,1000 KG,S/No: 003302715,1300,14979,None,None,None,None,02/12/2023,02/06/2024
GEA Mechanical Equipment UK Limited,Lifting Accessories/Endless Round Sling,GEA01507,N/A,N/A,2000 KG,S/No: 002267576,1900,14980,None,None,None,None,02/12/2023,02/06/2024
GEA Mechanical Equipment UK Limited,Lifting Accessories/Eyenut,GEA01359,N/A,N/A,340 KG,S/No: C15 (M12) 1510,1500,14981,None,None,None,None,02/12/2023,02/06/2024
GEA Mechanical Equipment UK Limited,Lifting Accessories/Eyebolt,GEA01015,N/A,N/A,340 KG,S/No: C15 (M12) 0717,700,14982,None,None,None,None,02/12/2023,02/06/2024
GEA Mechanical Equipment UK Limited,Lifting Accessories/Eyebolt,GEA01143,N/A,N/A,230 KG,S/No: C15 (M10) 1011,1000,14983,None,None,None,None,02/12/2023,02/06/2024
GEA Mechanical Equipment UK Limited,Lifting Accessories/D Shackle,GEA01329,N/A,N/A,7000 KG,S/No 1436,1400,14984,None,None,None,None,02/12/2023,02/06/2024
GEA Mechanical Equipment UK Limited,Lifting Accessories/Eyenut,GEA01063,N/A,N/A,700 KG,S/No: C15 (M16) 0823,800,14985,None,None,None,None,02/12/2023,02/06/2024
GEA Mechanical Equipment UK Limited,Lifting Accessories/Endless Round Sling,GEA01462,N/A,N/A,2000 KG,S/No: 003246376,1800,14986,None,None,None,None,02/12/2023,02/06/2024
GEA Mechanical Equipment UK Limited,Lifting Accessories/Eyebolt,GEA01313,N/A,N/A,140 KG,S/No: C15 (M8) 1401,1400,14987,None,None,None,None,02/12/2023,02/06/2024
GEA Mechanical Equipment UK Limited,Lifting Accessories/D Shackle,GEA01419,N/A,N/A,30cwt / 1500,S/No: 1634,1600,14988,None,None,None,None,02/12/2023,02/06/2024
GEA Mechanical Equipment UK Limited,Lifting Accessories/Eyenut,GEA01192,N/A,N/A,340 KG,S/No: C15 (M12) 1125,1100,14989,None,None,None,None,02/12/2023,02/06/2024
GEA Mechanical Equipment UK Limited,Lifting Accessories/Endless Round Sling,GEA01135,N/A,N/A,1000 KG,S/No: 003297573,1000,14990,None,None,None,None,02/12/2023,02/06/2024
GEA Mechanical Equipment UK Limited,Lifting Accessories/Eyebolt,GEA01348,N/A,N/A,1800 KG,S/No: C15 (M24) 1540,1500,14991,None,None,None,None,02/12/2023,02/06/2024
GEA Mechanical Equipment UK Limited,Lifting Accessories/Eyenut,GEA01442,N/A,N/A,700 KG,S/No: C15 (M16) 1714,1700,14992,None,None,None,None,02/12/2023,02/06/2024
GEA Mechanical Equipment UK Limited,Lifting Accessories/D Shackle,GEA01418,N/A,N/A,30cwt / 1500,S/No: 1633,1600,14993,None,None,None,None,02/12/2023,02/06/2024
GEA Mechanical Equipment UK Limited,Lifting Accessories/Endless Round Sling,GEA01341,N/A,N/A,1000 KG,S/No: 087725,1500,14994,None,None,None,None,02/12/2023,02/06/2024
GEA Mechanical Equipment UK Limited,Lifting Accessories/D Shackle,GEA01285,N/A,N/A,7000 KG,S/No VBC20-1323,1300,14995,None,None,None,None,02/12/2023,02/06/2024
GEA Mechanical Equipment UK Limited,Lifting Accessories/Eyebolt,GEA01142,N/A,N/A,340 KG,S/No: C15 (M12) 1010,1000,14996,None,None,None,None,02/12/2023,02/06/2024
GEA Mechanical Equipment UK Limited,Lifting Accessories/Endless Round Sling,GEA01297,N/A,N/A,2000 KG,S/No: 003254983,1400,14997,None,None,None,None,02/12/2023,02/06/2024
GEA Mechanical Equipment UK Limited,Lifting Accessories/Eyenut,GEA01484,N/A,N/A,700 KG,S/No: C15 (M16) 1812,1800,14998,None,None,None,None,02/12/2023,02/06/2024
GEA Mechanical Equipment UK Limited,Lifting Accessories/Eyebolt,GEA01103,N/A,N/A,140 KG,S/No: C15 (M8) 0901,900,14999,None,None,None,None,02/12/2023,02/06/2024
GEA Mechanical Equipment UK Limited,Lifting Accessories/Endless Round Sling,GEA01045,N/A,N/A,2000 KG,S/No: 003322201,800,15000,None,None,None,None,02/12/2023,02/06/2024
GEA Mechanical Equipment UK Limited,Lifting Accessories/D Shackle,GEA01371,N/A,N/A,7000 KG,S/No. : 1520,1500,15001,None,None,None,None,02/12/2023,02/06/2024
GEA Mechanical Equipment UK Limited,Lifting Accessories/Eyebolt,GEA01059,N/A,N/A,230 KG,S/No: C15 (M10) 0819,800,15002,None,None,None,None,02/12/2023,02/06/2024
GEA Mechanical Equipment UK Limited,Lifting Accessories/D Shackle,GEA01204,N/A,N/A,2000 KG,S/No: 1131,1100,15003,None,None,None,None,02/12/2023,02/06/2024
GEA Mechanical Equipment UK Limited,Lifting Accessories/D Shackle,GEA01041,N/A,N/A,2000 KG,S/No: VBU15 1708,700,15004,None,None,None,None,02/12/2023,02/06/2024
GEA Mechanical Equipment UK Limited,Lifting Accessories/Endless Round Sling,GEA01509,N/A,N/A,1000 KG,S/No: 002895625,1900,15005,None,None,None,None,02/12/2023,02/06/2024
GEA Mechanical Equipment UK Limited,Lifting Accessories/Eyenut,GEA01278,N/A,N/A,230 KG,S/No: C15 (M10) 1320,1300,15006,None,None,None,None,02/12/2023,02/06/2024
GEA Mechanical Equipment UK Limited,Lifting Accessories/Eyebolt,GEA01435,N/A,N/A,340 KG,S/No: C15 (M12) 1721,1700,15007,None,None,None,None,02/12/2023,02/06/2024
GEA Mechanical Equipment UK Limited,Lifting Accessories/Eyenut,GEA01195,N/A,N/A,140 KG,S/No: C15 (M8) 1103,1100,15008,None,None,None,None,02/12/2023,02/06/2024
GEA Mechanical Equipment UK Limited,Lifting Accessories/Endless Round Sling,GEA01084,N/A,N/A,2000 KG,S/No: 002995023,900,15009,None,None,None,None,02/12/2023,02/06/2024
GEA Mechanical Equipment UK Limited,Lifting Accessories/D Shackle,GEA01539,N/A,N/A,7000 KG,S/No: 1920,1900,15010,None,None,None,None,02/12/2023,02/06/2024
GEA Mechanical Equipment UK Limited,Lifting Accessories/Eyenut,GEA01488,N/A,N/A,230 KG,S/No: C15 (M10) 1816,1800,15011,None,None,None,None,02/12/2023,02/06/2024
GEA Mechanical Equipment UK Limited,Lifting Accessories/Eyebolt,GEA01095,N/A,N/A,2500 KG,C15 (M24) 0922,900,15012,None,None,None,None,02/12/2023,02/06/2024
GEA Mechanical Equipment UK Limited,Lifting Accessories/Endless Round Sling,GEA01296,N/A,N/A,2000 KG,S/No: 003246387,1400,15013,None,None,None,None,02/12/2023,02/06/2024
GEA Mechanical Equipment UK Limited,Lifting Accessories/D Shackle,GEA01290,N/A,N/A,2000 KG,S/No VBC20-1328,1300,15014,None,None,None,None,02/12/2023,02/06/2024
GEA Mechanical Equipment UK Limited,Lifting Accessories/Eyenut,GEA01105,N/A,N/A,700 KG,S/No: C15 (M16) 0912,900,15015,None,None,None,None,02/12/2023,02/06/2024
GEA Mechanical Equipment UK Limited,Lifting Accessories/Eyebolt,GEA01520,N/A,N/A,340 KG,S/No: C15 (M12) 1911,1900,15016,None,None,None,None,02/12/2023,02/06/2024
GEA Mechanical Equipment UK Limited,Lifting Accessories/D Shackle,GEA01036,N/A,N/A,2000 KG,S/No: VBU15 1704,700,15017,None,None,None,None,02/12/2023,02/06/2024
GEA Mechanical Equipment UK Limited,Lifting Accessories/Endless Round Sling,GEA01171,N/A,N/A,2000 KG,S/No: 002522562,1100,15018,None,None,None,None,02/12/2023,02/06/2024
GEA Mechanical Equipment UK Limited,Lifting Accessories/Eyenut,GEA01321,N/A,N/A,140 KG,S/No: C15 (M8) 1404,1400,15019,None,None,None,None,02/12/2023,02/06/2024
GEA Mechanical Equipment UK Limited,Lifting Accessories/Eyebolt,GEA01475,N/A,N/A,800 KG,S/No: C15 (M16) 1803,1800,15020,None,None,None,None,02/12/2023,02/06/2024
GEA Mechanical Equipment UK Limited,Lifting Accessories/Endless Round Sling,GEA01429,N/A,N/A,1000 KG,S/No: 3180628,1700,15021,None,None,None,None,02/12/2023,02/06/2024
GEA Mechanical Equipment UK Limited,Lifting Accessories/Eyenut,GEA01315,N/A,N/A,700 KG,S/No: C15 (M16) 1414,1400,15022,None,None,None,None,02/12/2023,02/06/2024
GEA Mechanical Equipment UK Limited,Lifting Accessories/Eyebolt,GEA01054,N/A,N/A,1800 KG,C15 (M24) 0814,800,15023,None,None,None,None,02/12/2023,02/06/2024
GEA Mechanical Equipment UK Limited,Lifting Accessories/Endless Round Sling,GEA01010,N/A,N/A,1000 KG,S/No: 3302721,700,15024,None,None,None,None,02/12/2023,02/06/2024
GEA Mechanical Equipment UK Limited,Lifting Accessories/Eyenut,GEA01279,N/A,N/A,140 KG,S/No: C15 (M8) 1321,1300,15025,None,None,None,None,02/12/2023,02/06/2024
GEA Mechanical Equipment UK Limited,Lifting Accessories/Eyebolt,GEA01223,N/A,N/A,700 KG,S/No: C15 (M16) 1222,1200,15026,None,None,None,None,02/12/2023,02/06/2024
GEA Mechanical Equipment UK Limited,Lifting Accessories/Endless Round Sling,GEA01257,N/A,N/A,1000 KG,S/No: 3297566,1300,15027,None,None,None,None,02/12/2023,02/06/2024
GEA Mechanical Equipment UK Limited,Lifting Accessories/Eyebolt,GEA01012,N/A,N/A,1800 KG,C15 (M24) 0714,700,15028,None,None,None,None,02/12/2023,02/06/2024
GEA Mechanical Equipment UK Limited,Lifting Accessories/Eyebolt,GEA01141,N/A,N/A,340 KG,S/No: C15 (M12) 1009,1000,15029,None,None,None,None,02/12/2023,02/06/2024
GEA Mechanical Equipment UK Limited,Lifting Accessories/Eyebolt,GEA01393,N/A,N/A,340 KG,S/No: C15 (M12) 1611,1600,15030,None,None,None,None,02/12/2023,02/06/2024
GEA Mechanical Equipment UK Limited,Lifting Accessories/Eyebolt,GEA01104,N/A,N/A,140 KG,S/No: C15 (M8) 0903,900,15031,None,None,None,None,02/12/2023,02/06/2024
GEA Mechanical Equipment UK Limited,Lifting Accessories/Eyebolt,GEA01056,N/A,N/A,700 KG,S/No: C15 (M16) 0816,800,15032,None,None,None,None,02/12/2023,02/06/2024
GEA Mechanical Equipment UK Limited,Lifting Accessories/Eyebolt,GEA01013,N/A,N/A,700 KG,S/No: C15 (M16) 0715,700,15033,None,None,None,None,02/12/2023,02/06/2024
GEA Mechanical Equipment UK Limited,Lifting Accessories/Eyebolt,GEA01017,N/A,N/A,230 KG,S/No: C15 (M10) 0719,700,15034,None,None,None,None,02/12/2023,02/06/2024
GEA Mechanical Equipment UK Limited,Lifting Accessories/Eyebolt,GEA01221,N/A,N/A,2500 KG,C15 (M24) 1235,1200,15035,None,None,None,None,02/12/2023,02/06/2024
GEA Mechanical Equipment UK Limited,Lifting Accessories/Eyebolt,GEA01519,N/A,N/A,340 KG,S/No: C15 (M12) 1909,1900,15036,None,None,None,None,02/12/2023,02/06/2024
GEA Mechanical Equipment UK Limited,Lifting Accessories/Eyebolt,GEA01227,N/A,N/A,230 KG,S/No: C15 (M10) 1206,1200,15037,None,None,None,None,02/12/2023,02/06/2024
GEA Mechanical Equipment UK Limited,Lifting Accessories/Eyebolt,GEA01398,N/A,N/A,140 KG,S/No: C15 (M8) 1601,1600,15038,None,None,None,None,02/12/2023,02/06/2024
GEA Mechanical Equipment UK Limited,Lifting Accessories/Eyebolt,GEA01146,N/A,N/A,140 KG,S/No: C15 (M8) 1014,1000,15039,None,None,None,None,02/12/2023,02/06/2024
GEA Mechanical Equipment UK Limited,Lifting Accessories/Eyebolt,GEA01269,N/A,N/A,230 KG,C15 (M10) 1311,1300,15040,None,None,None,None,02/12/2023,02/06/2024
GEA Mechanical Equipment UK Limited,Lifting Accessories/Eyebolt,GEA01355,N/A,N/A,140 KG,S/No: C15 (M8) 1503,1500,15041,None,None,None,None,02/12/2023,02/06/2024
GEA Mechanical Equipment UK Limited,Lifting Accessories/Eyebolt,GEA01354,N/A,N/A,230 KG,S/No: C15 (M10) 1505,1500,15042,None,None,None,None,02/12/2023,02/06/2024
GEA Mechanical Equipment UK Limited,Lifting Accessories/Eyebolt,GEA01098,N/A,N/A,700 KG,S/No: C15 (M16) 0913,900,15043,None,None,None,None,02/12/2023,02/06/2024
GEA Mechanical Equipment UK Limited,Lifting Accessories/Eyebolt,GEA01356,N/A,N/A,140 KG,S/No: C15 (M8) 1501,1500,15044,None,None,None,None,02/12/2023,02/06/2024
GEA Mechanical Equipment UK Limited,Lifting Accessories/Eyebolt,GEA01180,N/A,N/A,1800 KG,S/No: 1120 M6 (M24),1100,15045,None,None,None,None,02/12/2023,02/06/2024
GEA Mechanical Equipment UK Limited,Lifting Accessories/Eyebolt,GEA01431,N/A,N/A,2500 KG,C15 (M24) 1735,1700,15046,None,None,None,None,02/12/2023,02/06/2024
GEA Mechanical Equipment UK Limited,Lifting Accessories/Eyebolt,GEA01222,N/A,N/A,2500 KG,C15 (M24) 1236,1200,15047,None,None,None,None,02/12/2023,02/06/2024
GEA Mechanical Equipment UK Limited,Lifting Accessories/Eyebolt,GEA01433,N/A,N/A,700 KG,S/No: C15 (M16) 1723,1700,15048,None,None,None,None,02/12/2023,02/06/2024
GEA Mechanical Equipment UK Limited,Lifting Accessories/Eyebolt,GEA01099,N/A,N/A,340 KG,S/No: C15 (M12) 0911,900,15049,None,None,None,None,02/12/2023,02/06/2024
GEA Mechanical Equipment UK Limited,Lifting Accessories/Eyebolt,GEA01308,N/A,N/A,700 KG,S/No: C15 (M16) 1415,1400,15050,None,None,None,None,02/12/2023,02/06/2024
GEA Mechanical Equipment UK Limited,Lifting Accessories/Eyebolt,GEA01480,N/A,N/A,230 KG,S/No: C15 (M10) 1808,1800,15051,None,None,None,None,02/12/2023,02/06/2024
